Student_ID,Study_Hours_Per_Day,Extracurricular_Hours_Per_Day,Sleep_Hours_Per_Day,Social_Hours_Per_Day,Physical_Activity_Hours_Per_Day,GPA,Stress_Level
969,9.7,3.7,7.5,1.0,2.1,3.04,High
241,6.3,3.2,6.6,2.7,5.2,2.85,Moderate
820,6.0,0.2,7.8,3.6,6.4,2.75,Moderate
693,7.8,3.4,9.0,0.7,3.1,2.95,Moderate
421,8.8,3.2,5.1,5.8,1.1,3.13,High
1086,9.6,0.8,5.7,4.6,3.3,3.12,High
1999,8.1,0.7,7.6,3.5,4.1,3.04,High
366,9.0,0.4,7.9,2.9,3.8,3.6,High
1023,7.7,1.6,5.8,5.9,3.0,3.15,High
1241,7.4,0.0,5.4,4.8,6.4,3.14,High
589,5.8,3.8,8.7,5.0,0.7,2.95,Low
737,5.8,2.6,9.9,3.2,2.5,2.8,Low
1762,6.2,1.2,8.9,2.0,5.7,2.85,Moderate
942,5.2,1.0,7.3,1.4,9.1,2.83,Low
72,8.7,3.2,6.4,1.0,4.7,3.37,High
1408,9.9,2.2,8.4,1.1,2.4,3.43,High
260,8.6,3.6,5.9,1.4,4.5,3.37,High
52,9.0,2.6,8.5,3.1,0.8,4.0,High
199,6.7,2.9,5.3,1.9,7.2,3.29,High
1789,7.3,2.2,9.7,4.8,0.0,3.25,Moderate
651,9.5,4.0,9.1,1.2,0.2,3.52,High
333,7.7,0.9,5.1,1.4,8.9,3.15,High
1360,6.4,1.8,8.4,1.0,6.4,2.93,Moderate
594,6.3,1.7,8.6,0.1,7.3,3.11,Moderate
1392,6.8,2.6,5.6,2.6,6.4,2.77,High
1801,6.6,1.3,7.2,3.8,5.1,2.93,Moderate
1315,9.7,1.5,7.5,4.8,0.5,3.3,High
1112,5.9,1.4,8.2,0.4,8.1,3.07,Low
1007,6.5,1.9,9.3,1.8,4.5,2.92,Moderate
1327,7.7,2.7,8.5,4.9,0.2,2.68,Moderate
427,9.0,0.1,7.9,6.0,1.0,3.36,High
1559,9.4,1.6,6.7,1.2,5.1,3.11,High
1294,8.6,3.5,9.7,1.8,0.4,3.3,High
591,7.9,1.0,7.3,5.7,2.1,3.41,Moderate
1958,9.9,0.4,9.6,2.0,2.1,3.09,High
1977,7.5,1.9,10.0,2.3,2.3,3.14,Moderate
1133,5.4,1.3,6.2,5.9,5.2,3.1,Low
986,5.9,3.0,7.4,1.4,6.3,3.1,Low
399,6.0,2.1,6.4,4.8,4.7,3.27,Moderate
1512,9.1,3.1,8.0,1.3,2.5,3.46,High
437,8.1,1.1,6.0,3.1,5.7,3.15,High
193,9.0,2.6,8.5,3.3,0.6,3.34,High
1436,7.9,2.2,8.2,1.5,4.2,2.87,Moderate
615,7.2,2.4,5.8,4.0,4.6,3.19,High
1494,5.8,1.8,8.0,4.2,4.2,2.82,Low
577,8.7,1.6,5.3,4.7,3.7,3.2,High
987,8.1,0.2,6.6,2.8,6.3,3.14,High
1433,9.2,4.0,5.1,0.6,5.1,3.62,High
707,5.3,0.1,9.1,3.1,6.4,2.65,Low
1259,9.6,2.3,7.7,2.6,1.8,3.67,High
142,6.2,3.6,6.9,3.3,4.0,3.27,Moderate
1358,9.5,0.5,7.7,5.3,1.0,3.78,High
3,5.1,3.9,9.2,1.2,4.6,2.67,Low
1222,6.0,3.5,5.3,5.3,3.9,2.97,High
1870,8.7,2.5,9.9,1.5,1.4,3.36,High
1623,7.7,0.1,7.2,4.7,4.3,3.37,Moderate
340,5.3,2.1,5.8,4.4,6.4,3.11,High
1770,7.7,2.3,9.7,3.9,0.4,3.3,Moderate
1537,8.2,1.0,9.7,0.9,4.2,2.81,High
484,8.7,0.6,8.8,4.5,1.4,3.41,High
266,7.2,1.0,8.1,4.2,3.5,2.98,Moderate
377,9.4,3.4,5.9,4.3,1.0,3.18,High
742,7.0,0.7,5.8,5.0,5.5,3.09,High
1014,7.2,2.1,7.4,2.3,5.0,3.13,Moderate
440,7.5,3.5,7.5,3.9,1.6,2.97,Moderate
272,7.3,2.1,7.4,4.0,3.2,3.16,Moderate
185,6.4,1.4,8.6,1.8,5.8,2.77,Moderate
940,5.8,3.7,6.6,2.2,5.7,2.9,Low
245,6.6,2.1,5.4,2.1,7.8,2.79,High
932,6.5,2.6,8.0,4.2,2.7,2.83,Moderate
446,8.8,0.3,5.4,2.1,7.4,3.12,High
597,6.2,0.9,6.4,1.5,9.0,2.92,Moderate
818,5.8,1.9,8.0,3.5,4.8,2.9,Low
1273,6.7,3.2,6.2,0.4,7.5,2.74,Moderate
1677,5.2,0.5,6.0,2.4,9.9,2.69,Low
487,6.7,0.4,9.0,5.7,2.2,2.63,Moderate
681,5.7,2.5,6.4,2.9,6.5,2.84,Low
416,9.4,3.1,8.9,1.7,0.9,3.45,High
274,9.8,0.4,8.4,2.4,3.0,3.26,High
1472,7.8,3.7,5.0,4.5,3.0,3.16,High
1830,6.2,1.6,5.1,4.6,6.5,2.92,High
1455,9.4,1.8,9.5,2.5,0.8,3.91,High
251,5.4,0.2,6.2,1.0,11.2,2.75,Low
414,6.1,3.3,6.4,3.9,4.3,2.86,Moderate
1386,7.4,1.4,6.6,5.8,2.8,2.87,Moderate
1308,9.5,2.5,5.4,5.5,1.1,3.59,High
716,8.3,3.0,8.8,2.3,1.6,2.92,High
311,8.8,1.4,8.3,4.4,1.1,3.1,High
927,8.8,0.4,9.9,1.9,3.0,3.19,High
382,6.4,3.0,7.2,4.7,2.7,3.03,Moderate
1566,6.8,0.5,7.9,3.2,5.6,2.61,Moderate
426,9.5,0.7,5.4,1.4,7.0,3.77,High
1875,7.0,3.6,5.8,6.0,1.6,2.99,High
533,8.6,3.9,7.8,1.0,2.7,3.69,High
753,10.0,0.1,8.0,3.9,2.0,3.35,High
766,6.7,1.6,7.6,1.0,7.1,2.93,Moderate
1357,7.6,3.6,9.0,0.3,3.5,3.27,Moderate
409,7.5,3.3,6.7,1.0,5.5,3.29,Moderate
1615,8.3,3.8,5.0,1.5,5.4,3.43,High
695,5.0,3.5,9.0,3.8,2.7,2.62,Low
1739,8.5,3.8,6.2,4.1,1.4,2.93,High
549,9.5,3.8,9.5,0.5,0.7,3.4,High
937,5.4,3.6,5.0,2.9,7.1,2.74,High
1390,9.7,3.4,8.6,0.2,2.1,3.53,High
1608,8.3,1.7,5.9,4.1,4.0,3.11,High
1940,8.1,2.9,8.4,2.2,2.4,3.52,High
1482,7.5,2.8,6.2,1.9,5.6,3.02,Moderate
183,7.1,1.5,7.6,0.3,7.5,3.17,Moderate
1941,6.9,1.5,8.2,3.0,4.4,2.99,Moderate
1161,6.6,2.2,7.8,2.1,5.3,3.09,Moderate
171,9.2,1.6,8.3,1.0,3.9,3.5,High
293,7.1,0.5,5.9,4.1,6.4,3.09,High
562,6.5,2.9,8.8,0.6,5.2,2.67,Moderate
1457,6.6,2.5,5.3,0.1,9.5,2.6,High
1877,6.5,2.8,5.6,2.4,6.7,2.9,High
1652,5.3,1.3,5.7,4.3,7.4,2.79,High
850,7.0,3.9,5.9,4.8,2.4,2.78,High
273,5.7,0.1,6.5,4.2,7.5,2.98,Low
1550,5.6,2.8,8.2,2.2,5.2,2.91,Low
1035,5.2,1.5,6.8,1.9,8.6,2.38,Low
1744,5.8,0.5,9.7,3.6,4.4,2.65,Low
372,10.0,3.7,8.2,0.9,1.2,3.63,High
1670,9.7,0.5,9.9,0.9,3.0,3.72,High
722,5.8,0.5,7.7,5.4,4.6,3.27,Low
734,9.2,0.9,6.9,4.9,2.1,2.81,High
778,8.8,1.0,9.3,0.5,4.4,3.18,High
519,8.2,3.9,9.2,0.1,2.6,3.26,High
335,5.5,2.0,5.8,1.9,8.8,2.79,High
846,6.6,1.6,6.2,0.6,9.0,3.12,Moderate
1252,5.9,2.3,5.8,2.1,7.9,2.66,High
1053,7.5,1.3,6.3,2.8,6.1,3.21,Moderate
1924,9.1,1.5,7.9,4.0,1.5,3.29,High
16,6.7,0.3,6.6,2.0,8.4,3.2,Moderate
708,6.7,0.1,9.8,4.0,3.4,3.15,Moderate
901,8.9,0.8,9.1,3.4,1.8,3.1,High
1980,8.2,2.2,5.3,4.5,3.8,3.43,High
1573,5.4,0.7,8.8,0.1,9.0,2.57,Low
904,6.0,1.7,6.1,0.0,10.2,2.87,Moderate
466,7.8,2.2,8.8,4.3,0.9,3.2,Moderate
1978,9.1,3.1,8.9,2.1,0.8,3.1,High
200,6.6,2.5,9.4,3.4,2.1,3.03,Moderate
1207,7.7,1.4,5.4,1.2,8.3,3.13,High
1056,7.6,0.1,8.2,0.5,7.6,3.56,Moderate
1132,8.9,2.7,8.1,3.8,0.5,3.14,High
1380,6.7,1.9,8.1,5.2,2.1,2.88,Moderate
999,7.9,3.5,5.8,3.6,3.2,3.01,High
728,5.9,2.3,6.5,5.6,3.7,2.9,Low
1772,9.2,2.0,8.7,0.6,3.5,3.03,High
1910,5.9,0.1,9.5,0.0,8.5,2.79,Low
1822,8.2,3.3,5.5,3.0,4.0,3.5,High
568,8.9,2.9,6.9,0.1,5.2,3.26,High
44,9.5,2.5,9.0,1.5,1.5,3.49,High
275,9.3,0.7,8.5,4.6,0.9,3.43,High
1097,5.2,1.8,9.5,3.4,4.1,2.88,Low
102,7.3,0.5,9.8,3.6,2.8,3.22,Moderate
1232,5.2,1.4,6.3,4.1,7.0,3.12,Low
1722,9.9,1.0,7.3,0.2,5.6,3.32,High
1833,9.5,0.4,9.9,3.6,0.6,3.5,High
108,7.6,3.1,7.0,3.7,2.6,3.28,Moderate
1618,5.9,1.3,7.1,1.9,7.8,2.91,Low
498,9.2,0.0,6.2,4.4,4.2,3.41,High
1981,7.5,2.6,7.5,3.0,3.4,3.02,Moderate
882,9.8,1.5,6.7,0.4,5.6,3.54,High
757,5.5,0.1,8.3,3.6,6.5,2.73,Low
620,7.1,1.7,7.7,4.2,3.3,3.48,Moderate
1107,9.8,3.7,7.5,2.4,0.6,3.35,High
1936,9.5,3.3,7.8,2.1,1.3,3.28,High
810,6.8,2.6,7.3,1.1,6.2,3.13,Moderate
1038,8.0,0.4,8.4,0.4,6.8,3.39,Moderate
73,8.8,3.2,10.0,0.8,1.2,3.58,High
1284,9.8,3.2,7.3,0.8,2.9,3.42,High
1272,6.7,3.0,5.8,0.8,7.7,3.09,High
1335,6.7,2.5,5.2,1.1,8.5,3.11,High
1459,7.6,0.8,6.6,3.6,5.4,3.3,Moderate
482,9.0,1.1,6.1,5.7,2.1,3.07,High
1069,9.6,2.6,6.6,2.7,2.5,3.37,High
507,8.8,1.7,9.1,3.7,0.7,3.44,High
1238,7.1,2.9,8.0,1.8,4.2,3.17,Moderate
1862,8.2,3.0,9.9,0.5,2.4,3.3,High
1990,7.0,2.7,7.4,6.0,0.9,2.85,Moderate
1477,7.3,2.4,5.9,4.4,4.0,3.3,High
1867,6.3,2.1,5.1,1.6,8.9,3.49,High
1456,6.6,3.9,8.3,0.2,5.0,2.93,Moderate
312,10.0,3.7,7.7,2.2,0.4,3.44,High
963,6.5,2.1,7.8,3.6,4.0,2.9,Moderate
406,8.6,3.6,5.4,4.4,2.0,3.81,High
1331,8.7,3.3,8.9,0.1,3.0,3.34,High
1650,7.8,2.2,8.5,1.0,4.5,3.06,Moderate
310,6.0,2.1,5.5,2.7,7.7,2.72,High
227,8.4,0.3,6.5,4.2,4.6,3.29,High
1858,5.0,0.1,9.3,4.1,5.5,2.47,Low
711,6.4,3.9,5.1,4.3,4.3,3.14,High
1944,7.6,0.7,6.5,1.9,7.3,3.0,Moderate
1384,6.6,2.2,5.3,0.3,9.6,2.94,High
1786,5.3,3.5,5.4,1.5,8.3,2.91,High
149,8.6,2.6,8.5,2.3,2.0,3.14,High
1555,6.9,1.5,5.3,4.1,6.2,2.77,High
1957,7.4,1.6,6.6,2.7,5.7,2.88,Moderate
926,5.9,1.6,9.7,0.8,6.0,2.86,Low
943,8.7,3.7,7.1,1.5,3.0,3.29,High
837,6.9,3.4,5.7,3.0,5.0,3.37,High
576,6.5,1.4,8.1,2.0,6.0,3.06,Moderate
558,6.6,2.9,9.1,1.0,4.4,2.85,Moderate
1236,7.6,0.5,8.0,2.9,5.0,3.15,Moderate
1361,7.4,3.0,9.3,2.7,1.6,2.95,Moderate
1348,5.2,2.0,5.8,1.1,9.9,2.58,High
1162,6.9,1.0,6.2,2.7,7.2,3.02,Moderate
1443,5.6,2.9,7.5,5.4,2.6,2.98,Low
287,6.9,1.6,7.9,3.2,4.4,3.31,Moderate
1605,5.6,3.9,6.5,0.8,7.2,2.92,Low
1058,5.8,0.4,5.7,5.3,6.8,3.0,High
599,9.8,3.4,9.0,1.5,0.3,3.49,High
933,6.8,3.3,6.0,2.8,5.1,2.92,Moderate
1462,8.2,2.8,9.4,1.2,2.4,3.06,High
1638,7.1,2.9,9.3,0.7,4.0,3.12,Moderate
1588,9.1,2.2,5.9,2.8,4.0,3.33,High
1041,6.7,2.5,7.7,0.8,6.3,2.81,Moderate
1231,9.2,4.0,7.2,1.2,2.4,3.1,High
807,5.5,2.3,7.7,1.4,7.1,3.05,Low
905,9.6,3.4,8.7,0.4,1.9,3.5,High
1680,8.3,1.3,7.0,1.6,5.8,3.39,High
1205,8.4,1.1,6.4,5.6,2.5,3.37,High
768,6.8,1.6,8.4,0.3,6.9,2.88,Moderate
610,7.6,2.1,6.8,2.1,5.4,2.97,Moderate
1993,7.5,2.1,9.9,4.1,0.4,3.04,Moderate
1565,9.4,0.8,5.5,5.4,2.9,3.55,High
1423,8.0,1.6,6.1,1.5,6.8,2.75,Moderate
1011,9.9,0.2,5.5,4.3,4.1,3.32,High
494,6.2,2.9,9.1,4.7,1.1,2.83,Moderate
1321,8.1,0.2,7.0,3.9,4.8,3.41,High
278,7.0,2.6,5.5,3.9,5.0,2.82,High
1847,7.8,1.8,6.4,1.8,6.2,3.39,Moderate
359,5.0,1.0,8.6,6.0,3.4,2.71,Low
1111,9.6,2.0,9.2,1.4,1.8,3.64,High
237,9.3,3.1,8.9,2.3,0.4,3.52,High
552,9.1,3.3,6.7,3.4,1.5,3.4,High
1868,9.6,2.6,7.1,4.4,0.3,3.54,High
1813,6.4,0.6,7.7,3.2,6.1,3.0,Moderate
209,9.7,2.6,8.0,1.9,1.8,3.33,High
1387,8.2,0.1,7.2,5.3,3.2,3.12,High
1561,6.0,1.6,9.7,2.3,4.4,2.66,Moderate
59,5.1,3.9,9.2,4.0,1.8,2.52,Low
632,7.2,4.0,7.8,1.6,3.4,2.98,Moderate
1962,6.6,2.7,7.4,5.9,1.4,2.99,Moderate
1860,7.5,3.1,6.1,1.6,5.7,3.07,Moderate
1817,9.9,3.8,5.4,4.6,0.3,3.69,High
364,10.0,1.5,7.2,3.8,1.5,3.43,High
506,6.0,1.5,6.8,0.3,9.4,2.44,Moderate
1166,6.6,3.6,5.6,1.1,7.1,2.82,High
1122,9.3,2.7,7.2,2.3,2.5,3.29,High
1630,5.9,3.6,8.3,5.3,0.9,2.99,Low
1217,6.0,0.2,8.7,5.0,4.1,3.04,Moderate
1152,8.1,1.4,8.9,1.3,4.3,3.27,High
1125,8.6,2.3,7.5,1.1,4.5,2.97,High
1595,5.9,0.9,7.9,2.5,6.8,2.63,Low
119,5.2,1.0,8.6,5.4,3.8,3.4,Low
1250,6.7,2.1,7.9,0.1,7.2,2.78,Moderate
1994,7.1,1.4,9.0,3.1,3.4,2.85,Moderate
523,10.0,2.2,9.8,0.2,1.8,3.25,High
514,7.7,2.4,5.0,2.8,6.1,3.12,High
82,5.4,2.8,5.4,4.9,5.5,2.86,High
916,5.5,3.8,5.3,1.8,7.6,2.81,High
1019,6.3,1.3,5.4,1.8,9.2,3.1,High
381,5.3,1.1,6.3,1.5,9.8,2.75,Low
1030,5.7,2.3,9.3,3.5,3.2,2.9,Low
1689,9.6,0.5,5.5,2.0,6.4,3.19,High
85,6.9,0.3,8.9,3.4,4.5,3.21,Moderate
1678,8.3,2.8,7.9,1.8,3.2,3.44,High
330,5.7,3.5,7.2,1.2,6.4,3.04,Low
7,8.0,0.7,5.3,5.7,4.3,3.08,High
746,8.8,2.1,8.4,2.0,2.7,3.66,High
1554,9.8,0.5,7.1,2.9,3.7,3.38,High
915,7.1,1.5,9.4,5.4,0.6,2.65,Moderate
874,6.3,0.9,5.7,5.2,5.9,2.9,High
452,8.3,3.4,8.5,1.6,2.2,3.07,High
491,6.6,1.9,6.1,3.8,5.6,3.0,Moderate
1481,8.3,2.5,6.4,2.3,4.5,3.31,High
288,9.1,2.9,9.8,0.0,2.2,3.48,High
949,5.9,3.0,7.7,1.2,6.2,3.09,Low
1986,8.0,1.3,8.9,4.9,0.9,2.93,Moderate
1369,5.5,1.9,10.0,4.6,2.0,2.83,Low
1147,9.4,2.5,5.8,5.8,0.5,3.25,High
706,8.4,2.3,9.6,1.4,2.3,3.41,High
1727,5.2,0.5,9.4,4.5,4.4,2.9,Low
1702,9.3,3.7,6.5,3.9,0.6,3.24,High
1629,7.0,2.7,5.3,3.6,5.4,3.17,High
1600,7.9,2.2,7.3,1.3,5.3,3.18,Moderate
1539,8.7,2.7,9.2,0.8,2.6,3.58,High
1406,5.5,2.4,5.6,0.5,10.0,3.11,High
1651,6.3,3.2,9.7,0.7,4.1,2.65,Moderate
328,8.5,0.2,7.5,6.0,1.8,3.21,High
443,9.1,3.8,9.1,0.0,2.0,3.27,High
775,7.1,1.7,6.7,3.4,5.1,2.99,Moderate
1088,8.4,2.4,8.8,1.4,3.0,3.17,High
1221,7.5,1.3,7.2,5.1,2.9,3.27,Moderate
1636,9.2,0.0,7.0,5.4,2.4,3.41,High
178,8.2,1.0,5.7,5.0,4.1,2.89,High
1323,9.7,1.9,6.6,4.4,1.4,3.06,High
705,9.0,1.6,8.8,0.6,4.0,3.2,High
87,5.3,0.5,5.6,3.9,8.7,2.9,High
1884,8.6,2.2,7.1,3.4,2.7,3.18,High
1948,8.4,2.9,9.8,0.8,2.1,3.28,High
458,6.7,0.3,7.0,1.9,8.1,3.28,Moderate
1829,8.7,1.6,6.3,2.3,5.1,2.87,High
55,5.2,0.1,9.1,2.2,7.4,2.79,Low
1502,8.2,0.2,5.3,2.7,7.6,3.55,High
644,9.0,1.1,8.5,1.4,4.0,3.56,High
678,6.1,3.2,5.7,2.1,6.9,2.95,High
222,6.7,3.0,5.8,4.9,3.6,3.03,High
114,5.9,0.4,5.6,2.8,9.3,2.73,High
983,7.9,0.5,7.9,4.6,3.1,3.38,Moderate
1229,7.8,0.5,5.6,3.2,6.9,3.36,High
1000,8.5,1.6,7.5,0.0,6.4,3.63,High
175,8.1,1.6,7.8,2.6,3.9,3.26,High
782,8.1,3.0,6.1,0.4,6.4,3.37,High
590,8.5,2.7,7.0,0.1,5.7,3.01,High
1560,8.4,1.2,7.9,0.4,6.1,3.06,High
19,7.6,1.7,5.1,0.6,9.0,3.16,High
424,6.5,2.4,6.5,1.8,6.8,2.91,Moderate
1344,8.6,0.1,6.0,2.9,6.4,3.42,High
286,7.6,1.9,5.1,2.0,7.4,3.08,High
1584,9.3,2.0,5.7,4.2,2.8,3.51,High
429,5.5,3.6,8.3,5.0,1.6,2.86,Low
1510,5.6,1.6,8.2,4.3,4.3,2.91,Low
1319,6.5,0.7,6.9,5.5,4.4,2.71,Moderate
670,9.3,3.5,6.0,3.8,1.4,3.52,High
32,5.5,3.3,6.6,1.1,7.5,3.26,Low
941,8.8,1.4,9.8,3.0,1.0,3.51,High
723,6.7,2.9,8.3,5.6,0.5,3.06,Moderate
995,9.9,1.5,9.0,1.6,2.0,3.44,High
215,8.3,2.2,5.4,2.5,5.6,2.97,High
814,6.9,0.2,6.7,3.0,7.2,3.05,Moderate
327,5.3,4.0,5.3,4.2,5.2,2.67,High
561,8.5,0.7,8.9,3.4,2.5,3.41,High
1113,6.8,2.1,10.0,2.4,2.7,2.96,Moderate
701,6.7,2.0,8.1,5.5,1.7,3.11,Moderate
1579,5.4,0.8,8.9,5.0,3.9,3.12,Low
1190,7.9,3.6,7.8,0.8,3.9,3.45,Moderate
342,5.4,0.0,9.8,4.4,4.4,2.85,Low
630,5.3,3.5,6.9,3.3,5.0,2.81,Low
148,9.0,0.6,6.1,4.3,4.0,3.15,High
1310,7.9,3.8,7.5,0.4,4.4,3.11,Moderate
361,8.1,0.8,6.8,4.7,3.6,3.19,High
84,9.1,3.8,9.9,0.9,0.3,3.08,High
49,9.7,2.8,7.9,0.3,3.3,3.47,High
469,7.9,0.6,7.2,3.8,4.5,2.68,Moderate
156,8.0,1.6,5.3,2.0,7.1,3.42,High
773,8.4,1.1,5.4,6.0,3.1,3.44,High
1240,6.1,3.1,6.0,0.5,8.3,2.9,Moderate
1201,5.7,1.6,9.8,1.9,5.0,2.72,Low
1403,5.8,3.0,9.9,5.0,0.3,2.93,Low
1203,7.4,3.1,6.9,2.7,3.9,2.82,Moderate
1631,7.4,2.2,9.6,4.3,0.5,2.77,Moderate
501,6.9,3.9,5.4,4.1,3.7,2.55,High
1765,6.5,1.1,5.7,1.7,9.0,3.02,High
180,6.4,2.2,8.3,5.0,2.1,2.76,Moderate
1048,7.2,2.9,8.5,5.3,0.1,3.26,Moderate
1756,7.7,1.1,9.5,5.3,0.4,2.99,Moderate
951,9.8,1.7,7.4,4.6,0.5,3.84,High
1317,6.3,0.2,6.2,4.8,6.5,2.93,Moderate
1620,5.9,2.6,8.6,4.1,2.8,2.98,Low
529,7.5,2.7,5.4,1.6,6.8,3.09,High
347,8.1,3.1,8.2,2.4,2.2,3.09,High
1388,8.8,2.4,7.9,0.3,4.6,3.26,High
1961,7.1,0.4,8.1,0.9,7.5,3.02,Moderate
1051,7.9,3.6,7.8,3.0,1.7,3.05,Moderate
1973,7.9,2.8,5.5,4.9,2.9,3.03,High
1442,7.6,3.2,8.7,3.0,1.5,2.86,Moderate
602,6.3,1.5,9.5,4.0,2.7,3.42,Moderate
1282,6.2,1.2,8.9,0.5,7.2,2.76,Moderate
244,8.1,2.8,7.8,0.1,5.2,2.98,High
1337,6.2,0.8,6.3,4.8,5.9,2.76,Moderate
1068,7.3,0.2,7.1,2.8,6.6,3.27,Moderate
1476,8.0,0.7,8.7,1.8,4.8,3.25,Moderate
313,7.6,2.5,5.4,4.5,4.0,3.17,High
436,9.9,1.3,7.4,1.1,4.3,3.35,High
1899,7.9,2.3,7.4,3.3,3.1,3.75,Moderate
1329,9.2,1.4,8.3,2.4,2.7,3.47,High
309,7.3,0.2,7.8,5.7,3.0,3.2,Moderate
431,8.9,2.4,9.5,1.4,1.8,3.66,High
661,9.0,2.9,8.0,0.2,3.9,3.74,High
371,6.6,1.7,5.4,1.3,9.0,3.29,High
567,8.6,2.2,9.7,1.7,1.8,3.07,High
980,9.6,2.4,7.7,1.1,3.2,3.3,High
182,8.0,2.7,5.9,5.5,1.9,3.4,High
1363,9.7,2.9,8.8,0.6,2.0,3.87,High
622,7.7,0.5,8.0,0.7,7.1,3.34,Moderate
819,7.0,1.4,5.6,2.4,7.6,3.15,High
1193,8.6,0.3,7.3,1.0,6.8,3.51,High
953,5.0,0.2,9.9,1.5,7.4,2.94,Low
1422,6.3,2.4,9.4,5.9,0.0,3.22,Moderate
1841,7.6,2.3,9.7,0.9,3.5,3.36,Moderate
923,7.7,0.6,8.5,1.0,6.2,3.16,Moderate
1074,9.4,1.0,7.8,1.1,4.7,3.36,High
297,6.1,0.8,8.1,2.5,6.5,2.67,Moderate
967,6.0,3.2,5.9,0.5,8.4,3.28,High
462,5.8,0.1,8.8,2.8,6.5,2.8,Low
1303,9.7,0.4,7.6,5.5,0.8,3.73,High
1177,6.2,1.5,6.3,2.9,7.1,2.97,Moderate
378,5.7,0.3,8.6,3.0,6.4,2.28,Low
799,6.6,0.4,5.9,5.9,5.2,3.27,High
1103,8.2,2.9,6.3,4.3,2.3,3.21,High
106,8.5,0.9,5.7,0.1,8.8,3.55,High
127,5.9,1.1,5.9,5.4,5.7,2.89,High
1996,6.5,0.2,7.4,2.1,7.8,3.32,Moderate
839,5.5,0.2,5.9,3.2,9.2,2.74,High
356,7.5,3.4,8.7,2.4,2.0,3.24,Moderate
1617,9.1,0.5,7.3,5.6,1.5,3.37,High
683,7.3,2.9,7.9,3.9,2.0,3.19,Moderate
813,7.1,3.7,6.3,0.7,6.2,3.15,Moderate
1681,6.7,1.6,8.6,3.1,4.0,3.54,Moderate
210,6.1,0.7,8.9,2.1,6.2,2.81,Moderate
1493,7.8,0.4,6.0,2.5,7.3,3.24,Moderate
141,7.2,1.5,7.3,1.8,6.2,3.08,Moderate
1975,9.4,3.6,9.8,1.0,0.2,3.32,High
1340,5.2,3.9,6.9,0.9,7.1,3.28,Low
1798,6.5,1.2,8.6,1.4,6.3,3.18,Moderate
1575,5.3,2.4,7.6,4.5,4.2,2.25,Low
1182,5.7,0.6,8.5,3.9,5.3,3.05,Low
1394,8.9,0.1,9.8,2.7,2.5,3.51,High
1816,5.4,1.8,9.5,0.6,6.7,2.9,Low
712,10.0,1.2,6.7,0.5,5.6,3.79,High
1794,7.3,0.3,8.0,1.6,6.8,3.15,Moderate
893,7.3,3.3,9.1,3.1,1.2,3.34,Moderate
860,7.4,0.5,6.3,2.5,7.3,3.4,Moderate
11,9.7,3.6,8.0,2.5,0.2,3.43,High
1695,8.2,2.5,7.8,5.4,0.1,3.4,High
1428,7.0,2.7,7.1,5.8,1.4,2.47,Moderate
283,6.6,1.5,7.0,4.2,4.7,2.79,Moderate
811,8.5,2.2,6.8,5.5,1.0,3.07,High
1342,6.3,1.8,7.7,4.0,4.2,2.91,Moderate
292,6.6,2.4,8.6,1.6,4.8,3.27,Moderate
755,6.5,2.2,7.1,1.0,7.2,2.91,Moderate
627,9.2,3.3,9.2,1.1,1.2,3.6,High
944,7.4,1.4,9.5,3.2,2.5,3.22,Moderate
862,8.7,0.1,7.9,5.6,1.7,3.3,High
130,9.6,2.2,7.9,1.2,3.1,3.24,High
1176,5.7,3.3,5.8,1.8,7.4,3.04,High
324,9.8,1.7,6.6,3.0,2.9,3.58,High
1091,9.5,0.4,8.3,5.3,0.5,3.56,High
844,7.1,2.0,7.1,0.1,7.7,3.34,Moderate
964,8.1,3.9,8.6,3.1,0.3,2.99,High
1865,6.8,1.6,8.5,5.6,1.5,3.33,Moderate
866,8.7,3.7,7.9,0.7,3.0,3.57,High
922,6.4,1.2,6.9,2.4,7.1,3.0,Moderate
696,7.3,1.4,5.5,2.9,6.9,3.19,High
216,8.6,2.0,5.4,1.3,6.7,3.14,High
1781,8.8,3.5,8.3,2.9,0.5,3.26,High
1262,6.0,1.5,7.5,4.4,4.6,2.8,Moderate
159,6.1,1.8,5.7,1.1,9.3,2.38,High
1059,7.6,1.9,5.5,3.9,5.1,3.17,High
989,5.1,0.1,7.2,4.9,6.7,2.94,Low
842,9.9,2.7,9.7,0.2,1.5,3.23,High
635,6.1,2.6,7.4,0.0,7.9,3.03,Moderate
517,8.9,3.2,5.6,1.6,4.7,3.36,High
1429,8.0,3.2,5.5,2.4,4.9,3.36,High
1748,6.2,3.2,7.8,0.0,6.8,2.8,Moderate
598,8.7,2.4,8.4,0.4,4.1,3.16,High
196,9.6,3.9,9.7,0.4,0.4,3.65,High
1784,7.1,0.8,6.4,3.0,6.7,3.08,Moderate
870,5.1,2.6,8.3,4.8,3.2,2.69,Low
411,7.3,3.0,8.3,3.4,2.0,3.29,Moderate
97,8.1,1.7,9.7,3.9,0.6,3.45,High
1001,8.5,2.6,5.2,2.2,5.5,3.26,High
1506,6.3,3.5,7.9,1.3,5.0,3.32,Moderate
157,9.0,0.0,6.7,2.4,5.9,3.51,High
420,6.4,3.4,6.5,5.5,2.2,3.0,Moderate
1803,8.3,1.4,8.4,0.1,5.8,3.23,High
478,9.1,3.1,7.9,3.7,0.2,3.42,High
1856,5.7,3.0,7.3,4.7,3.3,2.82,Low
669,5.2,1.7,5.4,3.6,8.1,2.55,High
1418,6.0,0.8,5.1,5.4,6.7,2.54,High
1872,8.0,1.8,6.8,2.1,5.3,3.23,Moderate
1300,6.2,3.7,9.3,3.4,1.4,2.92,Moderate
448,8.2,3.7,8.1,3.5,0.5,3.23,High
554,7.1,0.2,5.6,4.6,6.5,3.13,High
179,9.9,2.1,5.9,1.6,4.5,3.52,High
391,7.3,1.9,5.8,5.7,3.3,3.18,High
579,9.7,2.6,8.4,2.1,1.2,3.38,High
1478,5.8,2.8,5.6,2.6,7.2,2.62,High
1707,8.0,2.9,7.9,0.3,4.9,3.25,Moderate
1288,5.0,1.8,9.2,3.4,4.6,2.7,Low
1645,8.0,2.4,9.1,1.9,2.6,3.01,Moderate
1024,8.0,0.9,7.7,4.2,3.2,3.44,Moderate
821,9.4,2.3,6.7,4.5,1.1,3.25,High
1825,7.5,3.3,7.0,0.6,5.6,2.82,Moderate
985,6.5,0.8,9.5,4.6,2.6,2.74,Moderate
1339,6.8,3.0,7.8,4.9,1.5,2.99,Moderate
665,7.3,2.7,9.2,0.8,4.0,3.41,Moderate
143,9.5,2.5,5.6,5.6,0.8,3.13,High
1517,9.5,2.1,8.3,3.4,0.7,3.35,High
1430,9.3,0.3,5.4,5.1,3.9,3.02,High
865,9.3,2.3,9.5,1.7,1.2,3.34,High
422,9.1,1.1,9.4,0.5,3.9,3.58,High
637,8.9,3.0,9.0,1.6,1.5,3.42,High
1407,7.6,1.6,7.9,0.5,6.4,2.89,Moderate
800,9.4,4.0,7.9,2.2,0.5,2.91,High
1404,8.5,1.8,7.7,5.1,0.9,3.23,High
616,6.1,0.5,5.8,0.0,11.6,2.73,High
295,9.8,1.9,9.0,1.8,1.5,3.5,High
924,9.0,3.0,8.2,0.6,3.2,2.96,High
1269,5.4,3.5,6.6,1.1,7.4,2.72,Low
1903,6.8,2.4,6.6,5.5,2.7,3.05,Moderate
89,6.1,3.9,5.1,5.8,3.1,2.96,High
42,8.2,3.4,8.3,2.3,1.8,3.07,High
1802,9.3,1.0,6.9,5.2,1.6,3.32,High
1934,9.3,1.6,9.4,0.9,2.8,3.69,High
132,5.6,2.4,6.4,3.5,6.1,2.85,Low
1002,7.5,3.6,8.6,2.5,1.8,3.19,Moderate
1158,7.5,2.3,6.2,4.8,3.2,2.93,Moderate
1095,5.8,3.7,9.1,1.9,3.5,2.97,Low
1855,5.7,3.9,9.1,1.1,4.2,2.81,Low
1345,9.4,2.1,9.6,1.4,1.5,3.2,High
1499,5.7,0.8,5.3,1.2,11.0,2.74,High
165,8.9,1.8,7.6,2.5,3.2,3.58,High
725,5.1,3.3,9.0,0.6,6.0,2.54,Low
291,7.4,1.0,6.4,1.8,7.4,3.15,Moderate
1209,7.7,2.0,6.2,4.5,3.6,3.07,Moderate
1589,9.8,3.0,9.1,0.1,2.0,3.9,High
1897,7.6,2.7,6.9,1.5,5.3,3.05,Moderate
1642,5.1,2.4,6.4,5.2,4.9,2.77,Low
1362,9.7,0.5,8.9,1.3,3.6,3.53,High
779,5.6,3.9,8.4,5.1,1.0,3.08,Low
840,9.7,3.4,6.5,0.3,4.1,3.48,High
349,9.1,2.6,5.6,2.0,4.7,3.16,High
1945,5.8,0.8,8.9,1.0,7.5,2.89,Low
572,7.8,1.6,5.7,5.2,3.7,3.06,High
918,5.6,0.3,9.5,1.1,7.5,2.66,Low
977,6.6,0.4,6.8,0.6,9.6,3.31,Moderate
1914,9.6,0.6,6.1,3.3,4.4,3.47,High
1469,10.0,3.0,8.2,1.0,1.8,3.81,High
1592,6.2,1.8,7.6,4.6,3.8,2.98,Moderate
1318,7.1,3.9,6.0,1.3,5.7,3.3,Moderate
1845,7.0,2.3,9.7,0.3,4.7,2.64,Moderate
137,5.6,2.9,9.7,1.1,4.7,2.86,Low
459,8.4,2.4,6.8,1.3,5.1,3.25,High
376,6.5,3.8,6.3,2.6,4.8,2.62,Moderate
1343,8.9,1.6,8.2,0.8,4.5,3.3,High
334,5.5,2.2,7.3,5.1,3.9,2.94,Low
1160,5.8,1.8,6.5,0.2,9.7,2.92,Low
1761,7.4,1.8,6.0,1.8,7.0,3.13,Moderate
1458,7.2,1.1,5.8,4.1,5.8,2.96,High
817,8.3,1.8,8.2,0.4,5.3,3.33,High
1115,8.0,2.5,7.1,0.9,5.5,3.13,Moderate
1006,7.8,0.2,9.9,3.1,3.0,3.07,Moderate
1857,8.7,2.4,8.4,0.1,4.4,3.51,High
1955,7.9,2.0,9.4,0.4,4.3,3.42,Moderate
1851,6.7,0.7,5.0,2.7,8.9,3.15,High
911,7.7,4.0,9.3,0.3,2.7,2.96,Moderate
1930,8.0,2.7,10.0,0.8,2.5,3.2,Moderate
1126,9.6,1.3,9.8,1.8,1.5,3.39,High
329,9.1,2.5,6.5,3.7,2.2,2.85,High
1248,5.9,3.2,9.8,1.4,3.7,2.71,Low
319,9.0,1.2,5.4,2.4,6.0,3.46,High
1690,7.9,1.8,5.2,1.9,7.2,3.07,High
1359,7.1,1.9,5.4,1.7,7.9,3.14,High
1733,9.7,1.5,7.9,3.9,1.0,3.69,High
168,5.1,0.9,6.2,4.0,7.8,3.02,Low
13,6.4,2.2,5.7,4.8,4.9,2.82,High
1927,6.3,0.1,8.5,3.0,6.1,2.99,Moderate
172,5.1,0.3,6.0,0.2,12.4,2.7,Low
650,6.6,3.6,9.4,1.4,3.0,2.94,Moderate
1062,9.2,2.8,5.6,4.4,2.0,3.5,High
261,9.9,0.7,9.3,2.0,2.1,3.59,High
1367,8.6,0.2,9.3,2.7,3.2,3.11,High
1549,8.4,0.3,7.0,5.8,2.5,2.9,High
902,6.3,3.0,7.6,1.9,5.2,2.48,Moderate
673,6.7,0.3,9.9,4.9,2.2,2.96,Moderate
259,9.6,0.8,8.1,3.5,2.0,3.31,High
845,6.7,0.7,5.5,5.7,5.4,3.31,High
868,7.1,2.5,5.4,0.5,8.5,3.33,High
1800,7.4,0.2,9.9,4.3,2.2,2.84,Moderate
139,6.0,0.7,5.8,4.9,6.6,2.96,High
894,6.8,3.5,8.6,0.6,4.5,3.23,Moderate
1838,7.4,2.0,6.6,0.8,7.2,3.1,Moderate
550,7.5,0.8,8.0,1.1,6.6,3.43,Moderate
320,6.7,3.9,8.2,4.3,0.9,2.83,Moderate
1527,9.2,1.8,8.2,1.1,3.7,3.6,High
1806,9.6,3.3,9.9,1.1,0.1,3.5,High
1178,5.3,0.6,5.3,3.8,9.0,2.79,High
559,6.9,3.6,9.0,4.4,0.1,2.92,Moderate
140,6.8,3.5,7.0,4.9,1.8,3.44,Moderate
1735,6.1,2.9,9.7,2.8,2.5,2.5,Moderate
532,9.8,0.8,9.8,3.6,0.0,3.59,High
225,8.9,0.4,8.8,3.2,2.7,3.32,High
724,8.3,3.6,7.0,1.7,3.4,3.5,High
787,9.8,0.2,9.5,2.6,1.9,3.47,High
1718,7.4,1.2,7.6,2.3,5.5,3.03,Moderate
1008,6.5,3.1,7.4,1.4,5.6,2.93,Moderate
410,5.5,1.0,5.7,2.1,9.7,2.93,High
326,5.8,0.2,8.9,2.8,6.3,3.11,Low
1766,8.3,1.5,8.6,1.9,3.7,2.86,High
300,8.7,3.5,6.1,0.5,5.2,3.37,High
1263,5.6,1.6,7.4,3.2,6.2,2.75,Low
1946,9.9,1.3,5.6,3.4,3.8,3.43,High
26,9.7,1.3,7.6,3.8,1.6,3.29,High
1859,6.3,2.8,9.0,1.8,4.1,2.79,Moderate
715,5.8,3.9,7.2,3.0,4.1,2.83,Low
1010,5.9,3.6,7.3,4.3,2.9,2.95,Low
194,6.1,4.0,9.7,0.2,4.0,2.58,Moderate
441,10.0,0.5,6.4,2.4,4.7,3.14,High
574,6.3,2.5,7.9,5.0,2.3,3.07,Moderate
947,9.0,3.4,7.0,0.2,4.4,3.68,High
998,5.8,1.4,7.0,0.3,9.5,2.49,Low
504,6.5,0.4,8.9,3.9,4.3,3.01,Moderate
606,5.3,2.0,9.6,0.6,6.5,2.41,Low
1717,5.5,3.3,5.2,4.0,6.0,2.95,High
1164,6.7,2.3,6.0,4.5,4.5,2.92,Moderate
1787,8.5,1.6,9.4,1.3,3.2,2.9,High
847,5.9,3.2,8.4,3.3,3.2,3.05,Low
4,6.5,2.1,7.2,1.7,6.5,2.88,Moderate
1287,10.0,1.6,6.4,3.3,2.7,3.39,High
1223,6.6,1.3,7.6,5.6,2.9,2.96,Moderate
468,6.4,3.9,7.8,2.0,3.9,2.87,Moderate
322,5.9,2.0,7.0,0.9,8.2,3.0,Low
6,6.0,2.1,8.0,0.3,7.6,2.85,Moderate
223,9.2,2.0,5.0,1.7,6.1,3.42,High
1375,6.3,1.6,6.9,4.8,4.4,2.69,Moderate
548,7.6,3.0,6.4,2.1,4.9,2.83,Moderate
229,9.9,3.9,8.7,0.2,1.3,3.8,High
40,5.0,0.6,7.7,4.2,6.5,2.61,Low
543,7.0,3.0,9.6,4.2,0.2,2.68,Moderate
243,8.9,0.2,7.4,0.6,6.9,3.33,High
899,7.2,3.5,7.5,2.9,2.9,3.04,Moderate
1134,8.4,0.8,6.2,1.7,6.9,3.12,High
1449,6.0,0.0,10.0,1.7,6.3,2.7,Moderate
1869,8.9,0.8,5.7,4.1,4.5,3.62,High
843,6.9,2.2,5.4,0.0,9.5,3.27,High
1419,6.1,0.9,6.4,0.8,9.8,2.79,Moderate
1654,6.7,2.3,6.6,0.5,7.9,2.77,Moderate
1970,6.3,1.7,6.8,5.2,4.0,2.84,Moderate
662,8.4,1.5,9.7,0.7,3.7,3.16,High
1211,8.3,3.3,7.1,0.4,4.9,3.56,High
315,6.3,1.4,5.4,5.6,5.3,2.58,High
692,6.9,3.2,6.8,0.5,6.6,3.08,Moderate
1504,6.6,1.6,5.8,3.0,7.0,2.73,High
425,8.7,0.2,9.5,4.8,0.8,3.5,High
595,7.9,2.5,8.2,1.3,4.1,3.08,Moderate
1964,9.5,0.9,9.5,1.3,2.8,3.24,High
623,6.7,0.6,8.5,1.2,7.0,3.18,Moderate
1171,6.9,3.0,7.7,0.5,5.9,3.17,Moderate
1044,5.3,1.3,6.3,3.0,8.1,2.94,Low
228,6.7,2.5,5.2,5.2,4.4,2.86,High
1118,5.7,0.0,5.1,3.5,9.7,2.75,High
1332,9.7,3.3,9.2,0.5,1.3,3.18,High
1316,6.1,0.8,5.2,3.9,8.0,2.56,High
67,8.3,0.7,5.4,3.9,5.7,3.26,High
25,5.0,2.0,7.1,1.3,8.6,2.68,Low
145,9.5,3.2,5.8,1.7,3.8,3.59,High
537,6.2,2.6,8.3,1.0,5.9,3.23,Moderate
812,8.4,1.6,8.8,2.4,2.8,3.51,High
1467,5.4,3.5,6.3,3.6,5.2,2.85,Low
86,5.6,2.0,5.1,2.8,8.5,2.81,High
1661,6.1,1.6,9.3,4.3,2.7,2.65,Moderate
1646,7.7,1.8,7.2,0.5,6.8,2.97,Moderate
1805,7.6,1.4,7.3,4.1,3.6,3.09,Moderate
1818,7.1,1.8,8.2,4.6,2.3,2.98,Moderate
1577,9.4,1.3,7.9,4.6,0.8,3.34,High
1145,7.3,2.0,5.4,4.1,5.2,3.41,High
363,9.8,1.5,6.6,0.9,5.2,3.61,High
1612,10.0,1.0,7.2,3.0,2.8,3.37,High
1866,5.4,0.8,7.5,0.1,10.2,2.86,Low
1027,7.4,3.2,7.9,1.9,3.6,2.99,Moderate
1031,8.6,1.5,5.5,2.7,5.7,3.49,High
1304,5.8,3.9,9.6,0.8,3.9,2.57,Low
1356,8.6,3.7,7.0,0.9,3.8,3.48,High
1731,6.1,2.4,7.2,0.4,7.9,3.29,Moderate
666,9.2,3.2,9.8,1.0,0.8,3.55,High
365,9.4,2.4,7.0,2.1,3.1,3.1,High
78,8.2,1.8,6.5,2.0,5.5,3.35,High
28,6.4,0.1,8.0,3.0,6.5,2.95,Moderate
1437,5.4,0.5,6.1,3.0,9.0,2.91,Low
526,6.3,1.4,9.6,1.7,5.0,2.74,Moderate
1835,6.9,3.0,6.9,2.0,5.2,3.23,Moderate
56,8.8,0.9,8.1,0.5,5.7,3.1,High
639,9.5,3.0,9.5,1.5,0.5,3.76,High
303,8.5,1.6,7.1,4.3,2.5,3.39,High
719,6.6,2.8,6.4,1.1,7.1,2.88,Moderate
625,9.0,0.3,7.4,3.4,3.9,3.64,High
8,8.4,1.8,5.6,3.0,5.2,3.2,High
804,8.1,0.7,5.1,1.7,8.4,3.21,High
1050,7.8,1.1,7.4,2.0,5.7,3.04,Moderate
337,9.5,3.8,8.9,0.6,1.2,3.3,High
48,9.3,1.3,5.8,3.3,4.3,3.09,High
1764,8.4,2.5,9.1,0.2,3.8,2.65,High
107,6.8,2.4,7.0,2.6,5.2,2.97,Moderate
350,7.2,2.5,9.7,1.1,3.5,2.69,Moderate
1080,8.7,2.7,6.0,2.1,4.5,3.67,High
239,9.0,1.9,5.6,0.8,6.7,3.21,High
214,9.4,3.8,9.3,1.2,0.3,3.33,High
1776,8.1,1.7,5.9,5.7,2.6,3.17,High
1139,7.0,3.8,7.0,4.6,1.6,3.24,Moderate
794,5.5,3.3,9.6,3.6,2.0,2.75,Low
1587,8.9,1.8,9.7,1.8,1.8,3.63,High
1583,5.1,2.4,7.0,1.8,7.7,2.84,Low
1672,7.8,1.9,7.5,4.4,2.4,2.91,Moderate
524,6.0,0.6,8.1,4.7,4.6,2.78,Moderate
233,9.8,0.6,7.2,5.7,0.7,3.84,High
645,9.7,2.5,6.6,1.4,3.8,3.57,High
1508,7.0,2.0,9.4,2.3,3.3,2.98,Moderate
534,5.4,2.5,9.9,1.1,5.1,2.54,Low
1942,8.2,1.2,5.1,5.3,4.2,3.19,High
604,7.2,2.6,9.7,0.3,4.2,3.42,Moderate
1330,5.3,1.7,7.7,2.6,6.7,2.54,Low
1075,5.5,3.6,9.1,4.4,1.4,2.44,Low
1305,5.6,0.3,9.5,1.2,7.4,2.57,Low
61,8.3,1.1,9.8,3.5,1.3,3.67,High
1264,9.0,2.8,7.8,3.1,1.3,3.43,High
93,7.3,2.5,6.4,1.1,6.7,2.67,Moderate
667,7.4,1.6,5.8,3.4,5.8,3.19,High
281,6.6,2.7,9.0,4.3,1.4,2.93,Moderate
1114,9.0,2.4,9.4,1.3,1.9,3.61,High
360,9.0,0.8,7.8,4.4,2.0,3.18,High
1129,7.0,3.7,8.6,2.0,2.7,2.88,Moderate
1170,7.5,1.2,5.8,1.7,7.8,3.25,High
848,5.4,1.1,6.7,4.7,6.1,2.8,Low
1522,8.9,1.8,9.0,3.6,0.7,3.27,High
111,8.2,1.0,5.4,0.8,8.6,3.3,High
43,5.5,1.5,6.3,1.5,9.2,2.81,Low
126,5.5,0.6,6.2,1.0,10.7,2.94,Low
205,6.8,1.1,6.5,1.4,8.2,3.01,Moderate
53,9.5,1.4,6.9,0.6,5.6,3.33,High
546,6.1,0.2,5.2,1.1,11.4,2.72,High
69,7.3,2.2,9.7,1.9,2.9,3.15,Moderate
1741,7.4,2.5,7.0,1.2,5.9,3.11,Moderate
1548,8.9,2.4,9.9,1.0,1.8,3.44,High
184,5.4,2.4,6.2,2.3,7.7,2.66,Low
138,7.9,3.4,5.7,4.8,2.2,3.15,High
900,8.3,2.4,7.1,2.5,3.7,3.22,High
797,9.8,2.3,7.6,0.4,3.9,3.04,High
133,5.8,1.9,7.7,0.3,8.3,2.7,Low
81,6.8,0.5,5.7,4.6,6.4,2.86,High
1987,6.6,3.4,5.5,5.0,3.5,2.9,High
1541,6.1,0.4,8.4,4.0,5.1,2.88,Moderate
542,10.0,0.2,8.8,1.9,3.1,3.46,High
1669,7.0,0.7,6.3,1.6,8.4,2.63,Moderate
984,8.2,3.6,8.1,0.5,3.6,3.18,High
166,5.8,0.7,9.3,5.7,2.5,2.46,Low
249,6.7,3.3,5.4,5.4,3.2,3.27,High
447,9.7,2.7,8.4,1.2,2.0,3.44,High
1515,6.9,0.6,8.1,4.4,4.0,3.0,Moderate
859,6.3,2.8,7.8,4.8,2.3,3.08,Moderate
1212,5.0,2.1,5.2,3.4,8.3,2.9,High
98,9.9,0.6,8.0,2.1,3.4,3.39,High
1974,8.9,1.5,5.5,3.8,4.3,3.31,High
738,7.1,0.5,8.1,5.6,2.7,3.1,Moderate
1256,8.3,1.6,7.4,0.3,6.4,3.29,High
103,6.1,2.7,8.1,2.1,5.0,2.98,Moderate
435,6.3,1.4,7.4,0.3,8.6,2.86,Moderate
75,8.8,3.0,5.5,5.4,1.3,3.58,High
1792,5.8,1.6,6.2,3.2,7.2,2.98,Low
1235,8.2,3.9,8.6,3.1,0.2,3.02,High
919,9.1,2.2,5.4,5.7,1.6,3.48,High
1712,6.7,1.9,6.5,3.1,5.8,2.87,Moderate
1671,8.9,1.4,5.7,5.1,2.9,3.55,High
1621,6.6,1.0,9.8,5.5,1.1,3.23,Moderate
763,6.9,2.2,5.3,2.6,7.0,3.12,High
990,6.9,3.3,5.7,5.6,2.5,3.05,High
389,9.3,2.2,7.6,0.6,4.3,3.48,High
236,9.3,1.9,9.8,0.6,2.4,3.68,High
1507,6.3,3.2,5.2,6.0,3.3,3.0,High
268,9.2,3.2,7.9,3.2,0.5,3.8,High
1188,6.9,0.6,9.0,4.2,3.3,2.83,Moderate
118,8.1,1.5,7.3,4.5,2.6,2.75,High
1607,7.3,0.1,8.2,2.5,5.9,2.92,Moderate
674,5.4,0.8,6.1,2.8,8.9,2.66,Low
250,7.3,2.6,7.6,4.4,2.1,3.13,Moderate
1453,6.6,3.0,9.9,2.0,2.5,3.03,Moderate
1995,7.9,3.4,9.0,0.5,3.2,3.08,Moderate
95,8.5,2.1,6.5,4.9,2.0,3.1,High
34,8.2,0.7,8.5,2.3,4.3,3.24,High
1464,8.7,3.9,5.4,0.3,5.7,3.42,High
1668,5.8,3.2,9.0,0.8,5.2,2.88,Low
449,8.6,0.5,9.5,0.4,5.0,3.06,High
717,9.5,3.3,8.8,0.1,2.3,3.24,High
1810,8.2,1.9,7.5,2.6,3.8,3.13,High
1518,5.6,1.9,8.0,0.2,8.3,2.99,Low
1,6.9,3.8,8.7,2.8,1.8,2.99,Moderate
1376,6.3,2.0,5.7,3.7,6.3,2.91,High
1102,6.3,0.3,6.3,5.5,5.6,3.06,Moderate
1109,6.7,3.9,8.1,2.2,3.1,2.89,Moderate
1227,9.7,3.1,6.3,2.9,2.0,3.5,High
83,8.5,0.3,5.4,5.9,3.9,2.99,High
1289,10.0,1.1,6.4,1.0,5.5,3.4,High
677,6.2,0.5,6.3,2.1,8.9,2.84,Moderate
1921,5.3,3.9,7.9,3.3,3.6,2.79,Low
1047,6.6,2.8,8.8,1.8,4.0,2.87,Moderate
771,7.1,1.0,8.4,5.0,2.5,3.26,Moderate
1947,9.5,3.1,8.1,1.0,2.3,3.25,High
1281,8.5,3.3,9.3,1.2,1.7,3.25,High
1581,8.5,0.9,5.2,1.2,8.2,3.17,High
1489,5.6,0.4,8.6,5.1,4.3,2.81,Low
405,8.2,0.7,9.4,2.4,3.3,3.47,High
1728,6.8,3.0,8.9,4.0,1.3,2.49,Moderate
1299,6.7,1.3,8.9,0.3,6.8,2.79,Moderate
1341,8.3,1.1,7.9,3.5,3.2,3.49,High
105,7.8,2.2,9.4,1.9,2.7,3.3,Moderate
689,7.4,2.6,6.1,3.3,4.6,3.41,Moderate
1306,8.0,0.3,6.1,5.6,4.0,2.76,Moderate
827,9.0,3.8,5.1,5.9,0.2,3.22,High
63,5.1,0.5,5.2,0.2,13.0,2.85,High
853,7.1,2.2,7.0,3.1,4.6,2.87,Moderate
1354,5.0,0.8,9.8,3.7,4.7,2.69,Low
224,8.2,1.0,8.2,3.2,3.4,3.24,High
146,5.2,2.3,8.8,5.3,2.4,2.61,Low
1089,7.2,1.6,9.9,1.5,3.8,2.89,Moderate
374,7.9,2.4,5.9,2.2,5.6,3.4,High
1421,7.8,1.0,8.3,0.7,6.2,2.69,Moderate
1143,8.2,0.1,9.8,0.3,5.6,3.37,High
1827,6.4,2.2,5.7,0.8,8.9,2.89,High
1495,6.9,3.5,7.8,2.5,3.3,3.02,Moderate
1602,6.8,1.8,5.7,0.3,9.4,3.01,High
1271,7.9,1.8,6.7,4.5,3.1,3.24,Moderate
10,7.7,0.7,9.8,4.5,1.3,2.76,Moderate
450,5.1,1.7,6.5,2.9,7.8,2.79,Low
709,9.7,1.1,8.1,3.5,1.6,3.63,High
256,6.7,1.5,9.9,0.2,5.7,3.32,Moderate
883,7.4,0.4,6.2,1.9,8.1,3.16,Moderate
390,5.3,2.8,7.7,0.5,7.7,2.93,Low
909,9.3,3.5,5.0,4.7,1.5,3.45,High
925,7.7,0.3,6.9,2.5,6.6,3.08,Moderate
1704,5.0,2.3,6.7,1.9,8.1,2.64,Low
1233,9.7,1.1,9.1,0.2,3.9,3.3,High
461,7.5,3.9,6.9,0.2,5.5,3.11,Moderate
1270,6.3,1.3,5.7,1.8,8.9,2.65,High
1760,8.5,2.8,7.5,4.8,0.4,3.06,High
1169,8.3,4.0,6.3,3.6,1.8,3.36,High
959,5.9,1.7,5.8,4.2,6.4,3.32,High
502,8.2,2.8,5.0,1.0,7.0,3.2,High
740,9.1,2.4,6.9,1.4,4.2,3.3,High
1850,8.9,0.9,8.6,4.5,1.1,3.36,High
869,5.9,2.1,6.1,1.7,8.2,3.13,Low
732,9.1,1.9,6.8,2.2,4.0,3.27,High
540,8.6,0.4,7.1,0.2,7.7,3.2,High
1202,8.6,1.2,8.9,2.3,3.0,3.24,High
698,7.3,1.9,8.8,0.9,5.1,3.06,Moderate
1393,6.4,3.6,5.2,5.5,3.3,2.86,High
1377,7.8,2.9,9.7,3.3,0.3,3.09,Moderate
1146,7.4,0.6,8.2,1.0,6.8,3.11,Moderate
1032,6.2,3.9,9.8,1.0,3.1,2.87,Moderate
373,8.2,3.1,5.6,2.5,4.6,3.16,High
668,7.9,2.4,6.8,0.3,6.6,3.14,Moderate
1526,8.8,1.0,8.5,0.2,5.5,3.52,High
358,8.2,3.0,5.8,2.8,4.2,3.31,High
968,7.2,1.1,7.8,2.1,5.8,2.93,Moderate
784,7.4,3.7,6.7,2.8,3.4,3.36,Moderate
736,7.7,0.1,7.4,2.4,6.4,3.24,Moderate
1036,6.0,1.2,9.9,2.5,4.4,2.88,Moderate
971,7.4,0.3,9.9,3.1,3.3,2.84,Moderate
1525,8.6,2.7,5.5,5.5,1.7,2.9,High
1487,8.6,0.0,9.7,0.9,4.8,3.14,High
1524,6.0,1.8,9.5,0.6,6.1,2.78,Moderate
1491,9.5,2.3,6.8,2.1,3.3,3.74,High
1643,6.4,2.7,8.4,1.3,5.2,2.94,Moderate
1253,8.5,2.2,6.9,2.5,3.9,3.25,High
1694,8.9,3.0,8.0,2.6,1.5,3.29,High
1750,8.6,0.0,9.8,4.6,1.0,3.48,High
1237,8.1,0.0,6.0,2.9,7.0,3.19,High
886,8.2,2.0,5.6,1.9,6.3,2.81,High
80,5.3,2.2,7.2,5.3,4.0,2.62,Low
1173,5.5,3.5,8.9,1.0,5.1,2.3,Low
815,5.8,2.6,10.0,2.5,3.1,2.64,Low
1286,7.4,4.0,8.4,0.3,3.9,3.15,Moderate
672,9.9,1.9,9.2,0.2,2.8,3.65,High
1532,6.4,3.4,6.7,5.8,1.7,2.98,Moderate
58,9.0,1.1,7.2,0.5,6.2,3.39,High
134,5.3,4.0,6.6,4.9,3.2,2.72,Low
1141,9.0,0.8,9.0,4.4,0.8,3.37,High
934,5.5,3.5,6.7,4.1,4.2,2.92,Low
1685,5.1,2.8,7.4,0.7,8.0,3.15,Low
824,9.1,0.3,7.4,3.8,3.4,3.66,High
1215,7.3,2.3,6.8,1.0,6.6,3.35,Moderate
505,5.2,1.4,9.8,3.0,4.6,2.49,Low
1775,9.0,1.5,8.2,3.8,1.5,3.41,High
348,9.9,2.4,7.9,2.8,1.0,3.67,High
387,6.0,2.3,7.3,5.8,2.6,2.58,Moderate
1025,7.6,4.0,8.1,1.6,2.7,3.02,Moderate
895,7.0,3.5,5.2,5.8,2.5,3.26,High
829,8.0,3.6,6.9,1.2,4.3,3.08,Moderate
1893,7.2,4.0,9.2,3.2,0.4,2.95,Moderate
476,6.4,0.8,8.8,2.3,5.7,3.21,Moderate
1471,6.2,1.8,5.4,5.7,4.9,2.98,High
1448,8.6,3.6,5.6,5.9,0.3,3.21,High
1582,7.1,2.0,7.4,1.6,5.9,2.86,Moderate
653,8.7,3.2,9.3,2.8,0.0,3.1,High
173,5.9,2.3,7.1,5.4,3.3,2.78,Low
1150,7.7,0.4,7.1,5.1,3.7,2.94,Moderate
39,8.2,0.3,5.8,5.4,4.3,3.29,High
714,5.3,0.4,5.8,3.6,8.9,2.76,High
91,8.1,2.8,7.3,3.6,2.2,3.39,High
1937,7.4,1.6,9.6,0.7,4.7,2.75,Moderate
1206,8.2,0.1,8.1,3.1,4.5,3.56,High
876,7.1,0.8,9.9,3.9,2.3,3.28,Moderate
1352,6.5,0.3,5.5,5.5,6.2,3.28,High
1890,5.5,2.4,7.3,5.6,3.2,2.77,Low
1094,5.7,2.6,6.0,0.6,9.1,2.92,Low
1156,7.7,1.6,9.2,2.7,2.8,3.16,Moderate
1782,9.4,0.8,5.4,4.7,3.7,3.25,High
1959,8.1,3.3,6.8,2.5,3.3,2.86,High
500,8.9,3.6,7.2,3.9,0.4,3.51,High
339,7.3,2.5,8.3,5.3,0.6,3.36,Moderate
1189,6.0,1.5,5.5,3.8,7.2,2.8,High
29,5.3,1.1,9.5,1.4,6.7,2.79,Low
1218,5.1,1.0,7.3,3.8,6.8,3.24,Low
1400,9.7,1.6,8.5,2.1,2.1,3.87,High
1821,7.4,3.8,5.6,5.7,1.5,3.27,High
946,9.0,3.8,8.1,2.3,0.8,3.55,High
170,5.5,1.0,8.6,5.1,3.8,2.97,Low
1405,7.4,1.5,7.5,3.5,4.1,3.33,Moderate
1198,6.3,1.5,9.2,1.2,5.8,3.15,Moderate
1254,5.4,3.5,5.4,4.2,5.5,2.81,High
1614,9.4,2.8,5.4,3.9,2.5,3.37,High
913,6.7,3.3,5.0,1.8,7.2,2.85,High
492,6.8,2.6,5.6,5.3,3.7,3.08,High
954,7.8,0.6,8.6,3.6,3.4,3.26,Moderate
1098,8.4,3.9,9.9,1.2,0.6,3.08,High
1033,6.7,3.6,9.8,1.7,2.2,3.06,Moderate
588,8.0,3.5,9.7,0.3,2.5,3.02,Moderate
751,9.8,1.6,8.6,1.4,2.6,3.68,High
658,8.8,1.8,8.5,1.9,3.0,3.32,High
235,9.5,0.9,6.1,0.2,7.3,3.17,High
733,9.0,1.3,6.0,0.5,7.2,3.05,High
1989,7.3,1.4,8.5,4.6,2.2,3.28,Moderate
1633,9.3,0.3,8.4,1.0,5.0,3.29,High
1157,7.4,2.0,9.2,4.5,0.9,2.77,Moderate
1470,7.7,3.4,5.2,2.2,5.5,3.22,High
1425,9.2,2.6,8.1,1.4,2.7,3.39,High
1628,9.6,0.4,8.2,2.4,3.4,3.4,High
935,5.1,2.8,6.6,0.3,9.2,2.49,Low
1210,7.3,1.1,6.2,3.9,5.5,3.0,Moderate
1066,8.2,0.5,8.3,5.9,1.1,3.44,High
109,9.3,3.8,5.7,4.8,0.4,3.05,High
1543,5.4,0.8,7.2,3.5,7.1,2.71,Low
569,9.2,0.0,8.5,5.8,0.5,3.08,High
1168,9.6,2.2,6.3,4.1,1.8,3.49,High
1175,5.3,0.3,5.9,0.2,12.3,2.97,High
891,7.4,3.4,6.9,1.0,5.3,3.15,Moderate
948,7.3,3.0,6.8,3.8,3.1,2.91,Moderate
1049,6.1,2.6,8.0,5.5,1.8,3.01,Moderate
1353,8.4,0.5,6.8,3.6,4.7,3.34,High
1778,7.2,2.9,6.9,1.3,5.7,3.23,Moderate
1447,7.1,2.9,7.6,0.4,6.0,3.15,Moderate
885,5.7,2.8,9.7,4.0,1.8,2.86,Low
1673,5.4,2.7,9.5,0.3,6.1,2.9,Low
851,6.7,2.9,7.1,3.5,3.8,3.09,Moderate
735,9.1,1.5,7.3,1.8,4.3,3.4,High
718,7.0,3.5,9.5,3.6,0.4,3.4,Moderate
455,6.6,2.3,6.9,3.6,4.6,3.2,Moderate
265,6.2,0.3,5.8,3.1,8.6,3.13,High
76,6.6,3.6,6.9,0.1,6.8,2.99,Moderate
1658,8.7,2.0,5.3,4.3,3.7,2.96,High
445,5.6,1.5,7.3,2.2,7.4,2.8,Low
396,9.9,3.1,5.1,0.4,5.5,3.17,High
177,9.5,3.2,7.1,0.1,4.1,3.49,High
1043,6.8,1.6,9.9,5.4,0.3,2.89,Moderate
1736,6.6,1.9,8.0,5.9,1.6,3.41,Moderate
1402,6.6,0.2,7.5,3.3,6.4,3.02,Moderate
1381,8.3,1.7,9.1,4.4,0.5,3.26,High
596,6.0,3.5,8.7,0.1,5.7,2.95,Moderate
62,7.1,1.0,6.8,4.5,4.6,3.27,Moderate
1297,5.5,2.1,5.3,0.7,10.4,2.79,High
873,8.6,1.1,9.4,0.2,4.7,3.36,High
1490,6.1,2.1,6.3,5.6,3.9,2.73,Moderate
1879,5.3,2.3,9.3,2.9,4.2,2.82,Low
279,10.0,0.2,9.9,1.6,2.3,3.56,High
37,5.5,3.6,9.5,3.4,2.0,2.58,Low
1976,8.0,2.4,6.8,5.4,1.4,3.42,Moderate
663,7.5,2.8,8.5,3.4,1.8,2.98,Moderate
1954,5.2,1.6,9.7,0.1,7.4,2.95,Low
1445,7.9,2.9,9.6,2.5,1.1,2.99,Moderate
978,6.4,2.5,7.3,2.9,4.9,3.12,Moderate
1572,6.3,3.9,8.1,4.5,1.2,2.89,Moderate
739,8.3,0.3,6.8,3.3,5.3,3.48,High
192,5.9,2.2,9.4,4.4,2.1,3.01,Low
920,5.8,3.4,5.1,3.1,6.6,2.79,High
457,9.5,1.4,5.8,0.2,7.1,3.69,High
676,6.4,3.2,6.6,1.8,6.0,3.06,Moderate
761,6.5,0.2,7.9,2.4,7.0,2.98,Moderate
1808,9.5,2.5,5.0,1.1,5.9,3.52,High
1603,8.9,2.3,8.8,0.6,3.4,3.02,High
729,9.1,3.9,6.3,4.6,0.1,2.98,High
413,8.4,1.3,8.4,0.4,5.5,3.32,High
1099,6.2,3.2,5.5,4.7,4.4,2.89,High
826,7.9,3.7,8.4,1.9,2.1,2.68,Moderate
1640,7.1,3.6,10.0,0.4,2.9,3.13,Moderate
617,8.6,2.9,7.6,0.8,4.1,3.15,High
115,6.0,1.5,7.5,4.1,4.9,2.76,Moderate
418,7.3,3.5,7.7,2.1,3.4,2.9,Moderate
1911,8.7,0.6,9.6,4.6,0.5,3.57,High
970,9.6,0.0,7.8,4.4,2.2,3.38,High
605,9.1,1.2,7.2,0.1,6.4,3.37,High
1919,7.5,3.6,9.7,2.6,0.6,2.84,Moderate
90,5.4,2.2,9.8,3.1,3.5,2.81,Low
849,10.0,1.0,9.4,3.0,0.6,3.4,High
1520,9.6,3.0,8.7,1.9,0.8,3.45,High
1918,5.7,2.6,8.4,4.5,2.8,2.94,Low
754,9.7,0.7,8.1,1.2,4.3,3.53,High
499,6.6,0.4,6.8,1.6,8.6,2.89,Moderate
1277,8.4,3.2,7.8,3.4,1.2,3.02,High
1326,7.2,0.0,9.1,2.2,5.5,3.41,Moderate
12,6.9,1.1,9.1,2.1,4.8,2.97,Moderate
397,7.3,3.6,7.7,2.7,2.7,3.15,Moderate
285,8.0,2.7,8.1,2.4,2.8,3.4,Moderate
1067,9.6,1.8,5.2,2.2,5.2,3.55,High
1192,8.8,2.4,5.8,4.8,2.2,3.38,High
1745,8.3,1.6,9.5,2.9,1.7,3.12,High
691,6.1,0.7,9.1,1.7,6.4,2.69,Moderate
1753,9.7,0.3,7.5,4.1,2.4,3.53,High
1876,8.6,3.2,9.3,2.9,0.0,3.38,High
690,5.7,2.3,5.9,1.7,8.4,2.62,High
852,9.3,0.2,8.5,0.8,5.2,3.49,High
160,9.6,1.4,7.9,3.2,1.9,3.43,High
896,6.4,1.0,9.7,1.8,5.1,3.25,Moderate
1576,7.0,0.1,6.7,5.9,4.3,3.12,Moderate
258,9.5,1.7,6.4,3.6,2.8,3.42,High
336,6.9,1.6,7.3,4.7,3.5,3.38,Moderate
1880,6.7,0.6,9.2,3.1,4.4,2.85,Moderate
1040,5.7,3.8,5.4,1.2,7.9,2.81,High
516,7.6,3.9,5.6,0.1,6.8,3.28,High
1349,6.8,1.7,8.1,0.4,7.0,2.75,Moderate
1016,6.4,3.8,5.7,3.5,4.6,3.07,High
769,5.2,1.6,8.5,1.2,7.5,2.52,Low
1747,6.4,1.1,6.4,5.1,5.0,2.79,Moderate
762,6.4,2.8,6.4,5.4,3.0,3.05,Moderate
1247,5.4,1.0,8.3,5.3,4.0,3.27,Low
1204,7.6,3.2,6.8,3.1,3.3,2.87,Moderate
1468,7.1,2.8,6.7,1.7,5.7,3.16,Moderate
1984,6.2,1.2,9.7,5.0,1.9,3.06,Moderate
522,5.3,3.8,9.7,4.1,1.1,3.13,Low
23,9.0,0.7,9.5,2.6,2.2,3.21,High
357,8.0,2.0,6.5,3.4,4.1,3.35,Moderate
1278,9.0,1.2,7.9,4.4,1.5,3.62,High
1313,6.6,1.9,9.7,5.4,0.4,2.88,Moderate
1683,6.2,3.5,5.1,4.4,4.8,2.97,High
341,7.6,2.7,5.2,0.5,8.0,3.07,High
432,8.0,2.8,6.2,3.1,3.9,3.46,Moderate
474,6.4,3.5,9.7,0.7,3.7,2.89,Moderate
218,9.1,1.4,8.4,2.9,2.2,3.26,High
912,5.0,1.6,6.2,4.9,6.3,3.01,Low
1228,9.4,2.1,8.9,2.0,1.6,3.43,High
1597,9.9,1.3,8.0,0.4,4.4,3.33,High
1012,5.2,0.1,8.9,0.8,9.0,2.66,Low
1950,7.6,1.3,9.3,2.7,3.1,2.98,Moderate
94,7.9,0.3,9.9,5.8,0.1,3.08,Moderate
1009,5.8,1.3,9.7,2.1,5.1,2.87,Low
1071,6.3,1.3,5.6,3.9,6.9,2.97,High
1093,5.5,0.6,5.5,2.5,9.9,2.74,High
1915,8.8,2.5,6.2,0.0,6.5,3.29,High
1309,9.8,0.3,7.7,1.8,4.4,3.23,High
697,9.6,0.2,6.5,1.2,6.5,3.5,High
1828,6.8,3.2,7.6,0.8,5.6,2.78,Moderate
997,7.0,2.4,7.2,4.5,2.9,3.0,Moderate
154,7.1,2.9,9.7,4.0,0.3,3.33,Moderate
1100,8.2,1.7,7.2,1.9,5.0,3.38,High
1719,7.8,0.5,10.0,2.4,3.3,3.43,Moderate
1998,6.2,0.0,6.2,0.8,10.8,3.14,Moderate
790,8.5,3.6,9.0,2.0,0.9,2.9,High
581,7.2,3.9,5.3,3.1,4.5,3.03,High
704,8.0,1.1,5.9,2.3,6.7,3.27,High
1213,9.6,3.9,7.7,1.3,1.5,3.47,High
1296,7.3,1.1,9.8,1.8,4.0,2.91,Moderate
1666,6.3,0.7,9.8,5.1,2.1,3.03,Moderate
1261,9.7,1.2,9.3,2.9,0.9,3.51,High
488,5.4,2.0,9.0,4.2,3.4,2.85,Low
560,8.0,2.6,5.4,3.3,4.7,3.48,High
1142,5.2,0.6,7.7,3.5,7.0,2.77,Low
1120,8.7,0.9,9.1,3.1,2.2,3.65,High
802,5.7,2.5,5.6,3.5,6.7,3.08,High
513,6.7,0.1,5.6,2.5,9.1,2.49,High
634,8.6,2.6,8.5,0.0,4.3,2.85,High
1922,5.2,2.4,8.6,2.5,5.3,3.21,Low
1788,7.7,3.5,9.6,0.9,2.3,3.39,Moderate
1546,8.7,1.0,5.9,3.2,5.2,3.17,High
1151,9.3,0.4,5.5,1.6,7.2,3.29,High
791,8.4,3.8,6.5,0.0,5.3,3.08,High
117,9.0,3.0,5.9,1.3,4.8,3.29,High
741,5.5,1.4,7.1,4.1,5.9,2.71,Low
1691,9.1,2.8,8.6,2.4,1.1,3.24,High
1082,5.9,0.4,9.1,3.5,5.1,2.96,Low
831,9.0,2.2,9.1,2.3,1.4,3.44,High
120,5.5,1.8,7.7,1.5,7.5,3.05,Low
657,7.8,2.5,9.3,2.6,1.8,3.2,Moderate
1908,9.4,2.9,9.6,0.7,1.4,3.57,High
636,7.7,0.3,8.8,3.5,3.7,3.29,Moderate
370,8.9,2.1,7.2,0.9,4.9,3.53,High
269,6.0,0.4,6.3,0.3,11.0,3.05,Moderate
656,8.8,0.2,9.2,3.6,2.2,3.59,High
936,6.9,0.3,5.7,1.8,9.3,3.15,High
823,5.7,0.6,7.2,3.6,6.9,2.96,Low
867,6.3,0.8,6.2,1.8,8.9,3.37,Moderate
47,5.1,3.7,7.1,5.8,2.3,2.6,Low
1374,7.6,0.5,9.7,1.1,5.1,3.07,Moderate
1709,6.6,2.9,8.2,2.0,4.3,3.14,Moderate
992,6.7,2.8,8.8,5.3,0.4,3.05,Moderate
877,9.7,1.2,8.9,3.2,1.0,3.26,High
774,9.3,1.2,7.3,3.7,2.5,3.76,High
1220,8.8,2.8,10.0,0.7,1.7,3.16,High
2000,9.0,1.7,7.3,3.1,2.9,3.58,High
5,8.1,0.6,6.5,2.2,6.6,3.51,High
1004,8.5,0.3,9.3,2.8,3.1,3.26,High
1724,5.2,1.3,7.9,5.7,3.9,3.04,Low
264,8.9,0.5,9.8,2.2,2.6,3.57,High
1570,6.1,2.4,9.6,4.7,1.2,2.67,Moderate
1831,5.9,0.2,8.3,4.6,5.0,2.88,Low
444,6.3,0.2,8.0,4.1,5.4,2.97,Moderate
1003,9.0,3.5,7.3,2.0,2.2,3.43,High
1078,5.1,0.2,7.9,4.9,5.9,2.82,Low
838,9.4,2.2,9.8,0.1,2.5,3.79,High
1791,7.4,0.1,8.4,1.8,6.3,2.75,Moderate
305,6.0,1.3,6.1,2.1,8.5,2.91,Moderate
1366,8.6,1.6,8.1,4.0,1.7,2.94,High
1558,6.2,3.7,7.6,2.2,4.3,2.84,Moderate
314,8.9,2.8,5.2,1.8,5.3,3.3,High
150,5.9,3.6,7.9,2.4,4.2,2.64,Low
1149,9.9,2.0,7.3,3.6,1.2,3.51,High
1214,5.3,1.9,6.2,2.8,7.8,2.87,Low
575,9.5,0.0,8.4,0.3,5.8,3.07,High
51,6.8,1.2,9.0,4.9,2.1,3.12,Moderate
1553,9.0,0.7,8.6,2.2,3.5,3.62,High
727,8.0,3.0,5.2,4.0,3.8,3.01,High
834,8.8,2.1,6.1,4.0,3.0,3.2,High
1378,9.5,3.9,9.3,0.1,1.2,3.28,High
1116,6.1,2.9,6.6,3.0,5.4,3.01,Moderate
1167,7.5,0.3,6.0,5.7,4.5,3.11,Moderate
471,8.1,0.8,7.0,0.2,7.9,3.74,High
972,7.4,1.7,5.4,0.6,8.9,3.23,High
654,5.1,1.4,8.9,3.4,5.2,2.72,Low
400,9.0,1.6,9.6,2.0,1.8,3.57,High
512,6.3,3.3,5.1,2.3,7.0,2.74,High
321,5.7,3.4,9.6,2.6,2.7,3.13,Low
20,6.6,2.0,9.5,1.5,4.4,2.93,Moderate
685,9.4,1.5,6.0,2.9,4.2,3.4,High
36,9.1,2.2,7.6,1.2,3.9,3.12,High
903,8.0,4.0,7.2,4.4,0.4,3.11,Moderate
1779,8.2,3.9,6.6,2.4,2.9,3.32,High
828,7.2,2.6,6.9,0.3,7.0,3.0,Moderate
1854,8.9,1.8,8.6,3.5,1.2,3.17,High
408,7.4,3.3,7.3,2.1,3.9,3.34,Moderate
921,8.8,3.7,9.5,1.6,0.4,3.29,High
538,7.5,0.0,5.0,2.1,9.4,3.2,High
759,6.2,3.5,9.6,2.0,2.7,2.55,Moderate
1905,7.3,1.3,7.4,4.9,3.1,2.83,Moderate
1063,6.4,2.6,6.7,6.0,2.3,2.78,Moderate
1200,9.3,1.7,9.8,1.4,1.8,3.12,High
246,7.8,2.8,9.0,0.9,3.5,3.11,Moderate
1417,5.5,1.2,8.3,4.0,5.0,2.76,Low
1128,7.2,3.1,6.1,1.0,6.6,2.92,Moderate
785,5.1,0.3,6.3,0.2,12.1,2.55,Low
1743,7.0,2.2,7.7,3.0,4.1,3.05,Moderate
490,9.0,3.7,7.0,3.9,0.4,3.16,High
155,7.3,0.5,9.9,5.0,1.3,3.11,Moderate
962,6.3,0.2,8.6,0.7,8.2,3.1,Moderate
854,5.7,0.6,9.7,5.3,2.7,3.18,Low
1312,8.8,1.1,8.8,1.1,4.2,3.22,High
626,6.3,0.0,8.6,3.2,5.9,3.14,Moderate
686,7.4,3.4,6.8,5.2,1.2,3.45,Moderate
1562,5.6,0.2,6.5,0.9,10.8,3.0,Low
570,8.5,3.3,7.7,4.4,0.1,3.2,High
1909,7.5,0.1,5.0,1.4,10.0,3.07,High
18,8.8,2.2,8.9,2.0,2.1,3.19,High
128,7.1,3.9,5.6,2.4,5.0,2.9,High
1347,9.7,2.1,8.4,3.0,0.8,3.51,High
1280,8.3,3.6,5.5,1.4,5.2,3.4,High
1969,8.6,2.3,5.4,4.2,3.5,3.38,High
928,8.1,0.8,5.7,5.6,3.8,3.45,High
981,6.7,3.4,7.8,3.1,3.0,2.98,Moderate
1965,9.9,1.1,9.8,0.2,3.0,3.54,High
191,6.8,0.4,9.6,0.8,6.4,3.01,Moderate
1140,9.5,0.3,9.7,3.7,0.8,3.42,High
993,6.0,3.2,8.7,0.4,5.7,2.6,Moderate
1956,8.3,3.8,9.1,0.1,2.7,3.48,High
1657,9.6,3.3,6.6,1.1,3.4,3.45,High
607,8.8,1.6,8.3,1.4,3.9,3.26,High
181,6.0,0.0,5.7,5.4,6.9,2.95,High
302,8.0,2.0,9.9,0.6,3.5,2.93,Moderate
497,8.7,1.3,5.0,3.1,5.9,3.24,High
1721,5.5,3.4,8.7,1.3,5.1,2.74,Low
1710,8.2,2.2,5.1,4.2,4.3,3.48,High
1888,9.2,0.2,5.1,2.2,7.3,3.61,High
1992,6.3,1.5,5.1,3.1,8.0,3.21,High
518,6.7,1.5,5.0,1.8,9.0,3.31,High
1985,8.5,0.3,7.1,3.4,4.7,3.23,High
1070,6.8,2.7,8.3,4.3,1.9,2.58,Moderate
477,7.6,2.0,7.9,5.2,1.3,3.13,Moderate
158,6.7,1.4,8.7,2.7,4.5,3.02,Moderate
1244,9.9,0.6,6.1,1.3,6.1,3.63,High
1196,9.9,0.4,6.5,3.8,3.4,3.73,High
17,8.6,2.6,9.4,1.6,1.8,3.36,High
1536,6.7,0.9,7.4,3.3,5.7,3.26,Moderate
1073,5.4,2.7,9.1,1.5,5.3,3.04,Low
1972,7.4,3.7,7.6,2.6,2.7,3.29,Moderate
547,9.3,1.1,9.8,2.2,1.6,3.79,High
1540,6.8,1.9,6.6,0.9,7.8,3.38,Moderate
659,6.1,2.4,9.6,5.5,0.4,2.99,Moderate
1626,7.9,2.7,9.0,2.9,1.5,3.17,Moderate
1020,9.5,0.0,9.1,5.1,0.3,3.05,High
1663,6.3,1.8,6.9,5.9,3.1,2.8,Moderate
1505,9.0,1.8,7.5,4.8,0.9,3.33,High
960,6.0,0.8,5.2,1.9,10.1,3.01,High
1882,9.6,0.7,6.4,3.1,4.2,3.38,High
284,6.2,1.5,6.1,0.4,9.8,2.5,Moderate
798,8.0,1.6,6.2,0.6,7.6,3.38,Moderate
1627,7.0,2.1,9.0,2.2,3.7,2.89,Moderate
226,8.2,3.7,5.5,5.6,1.0,3.29,High
27,6.8,3.9,9.8,0.9,2.6,2.64,Moderate
1771,9.4,3.2,9.7,0.2,1.5,3.4,High
438,9.0,2.3,7.6,1.5,3.6,3.2,High
1949,5.1,2.2,8.5,4.7,3.5,2.64,Low
1389,5.7,2.5,6.0,3.0,6.8,2.5,Low
230,8.4,1.8,6.4,6.0,1.4,3.25,High
38,8.6,3.6,9.4,1.9,0.5,3.03,High
750,5.2,1.1,5.0,5.9,6.8,2.93,High
1046,5.3,2.8,5.0,2.5,8.4,3.02,High
1399,9.7,2.1,6.8,1.3,4.1,3.55,High
470,10.0,3.5,8.1,1.4,1.0,3.44,High
1693,5.0,0.6,6.6,3.5,8.3,2.89,Low
1968,7.1,0.9,7.5,5.2,3.3,2.92,Moderate
688,9.8,0.7,7.8,3.3,2.4,3.41,High
1844,7.3,2.8,6.9,1.0,6.0,3.24,Moderate
640,9.4,2.3,8.2,0.6,3.5,3.62,High
1713,5.8,3.9,5.5,5.6,3.2,2.88,High
1219,7.8,3.0,6.4,3.4,3.4,3.14,Moderate
1159,7.4,1.3,5.5,1.4,8.4,3.09,High
1416,7.0,1.7,7.3,2.2,5.8,2.85,Moderate
1528,7.4,2.5,7.3,5.4,1.4,3.25,Moderate
1656,9.8,2.4,7.4,2.5,1.9,3.56,High
1301,7.4,2.1,9.9,4.4,0.2,3.23,Moderate
1823,8.5,2.3,9.2,0.3,3.7,3.34,High
801,6.6,1.2,7.0,4.0,5.2,2.76,Moderate
1604,6.1,0.0,5.7,1.9,10.3,3.01,High
161,5.1,2.7,5.9,5.8,4.5,2.71,High
957,9.1,2.4,7.0,2.6,2.9,3.28,High
1187,7.0,1.4,8.9,4.8,1.9,2.97,Moderate
822,7.8,3.6,7.0,1.7,3.9,3.19,Moderate
1682,9.6,0.2,7.9,5.1,1.2,3.46,High
878,8.4,2.9,7.9,1.0,3.8,3.2,High
914,5.3,0.7,7.8,1.7,8.5,2.64,Low
153,8.5,3.7,8.5,0.5,2.8,3.65,High
1871,5.6,3.3,6.3,4.7,4.1,2.85,Low
1777,8.8,0.8,6.7,4.9,2.8,3.53,High
510,8.2,1.6,8.6,1.1,4.5,3.46,High
1136,6.7,0.0,8.4,5.0,3.9,3.05,Moderate
1251,8.8,2.9,6.8,0.3,5.2,3.17,High
1684,7.2,0.2,9.6,2.8,4.2,3.19,Moderate
104,7.6,3.1,7.6,4.9,0.8,2.99,Moderate
1446,5.0,0.5,7.7,4.1,6.7,3.07,Low
1444,5.7,3.0,5.0,1.0,9.3,2.42,High
587,6.3,2.7,8.5,3.7,2.8,2.72,Moderate
1769,8.1,3.3,7.0,1.2,4.4,3.8,High
1144,8.3,3.3,5.1,3.3,4.0,3.27,High
54,7.3,2.2,6.4,3.5,4.6,3.11,Moderate
152,5.1,3.5,9.7,3.2,2.5,2.79,Low
404,9.8,1.7,9.9,1.7,0.9,3.75,High
1943,6.1,3.7,8.6,4.3,1.3,2.79,Moderate
208,8.1,0.7,10.0,1.2,4.0,3.35,High
1895,9.7,0.2,5.1,4.0,5.0,3.25,High
1123,6.0,2.5,6.8,6.0,2.7,2.5,Moderate
1891,5.6,0.8,5.1,2.6,9.9,2.97,High
9,5.2,3.6,6.3,4.0,4.9,2.82,Low
1015,9.4,3.6,6.7,2.6,1.7,2.81,High
1907,7.4,3.5,5.2,3.9,4.0,3.26,High
1061,6.3,0.5,6.3,2.3,8.6,2.97,Moderate
453,8.4,1.1,6.5,4.7,3.3,3.54,High
254,6.0,2.7,5.4,0.2,9.7,2.92,High
1328,9.8,2.6,6.5,0.6,4.5,3.62,High
897,8.9,1.6,5.7,0.1,7.7,3.42,High
1734,5.7,1.2,5.7,4.9,6.5,2.66,High
881,9.5,1.5,8.8,3.8,0.4,3.36,High
1596,8.3,3.4,6.3,2.9,3.1,3.26,High
1889,5.7,2.2,9.6,2.3,4.2,2.98,Low
624,6.0,2.0,7.1,0.1,8.8,2.85,Moderate
346,8.1,1.5,6.0,0.7,7.7,3.06,High
1703,8.9,3.7,6.2,3.0,2.2,3.49,High
263,5.8,1.6,9.8,1.5,5.3,2.61,Low
1635,7.3,1.9,9.4,4.1,1.3,3.51,Moderate
1322,6.6,0.4,7.1,0.8,9.1,3.27,Moderate
1439,6.0,0.2,8.0,5.9,3.9,2.76,Moderate
151,7.3,3.8,5.8,3.5,3.6,3.58,High
473,7.7,3.5,5.7,4.7,2.4,3.21,High
641,7.4,2.9,6.4,1.2,6.1,2.89,Moderate
1983,6.3,2.4,8.1,0.9,6.3,3.07,Moderate
1883,6.3,0.8,8.0,0.5,8.4,2.91,Moderate
551,6.7,3.4,6.0,0.4,7.5,2.48,Moderate
1780,9.2,3.0,5.3,6.0,0.5,3.77,High
929,9.6,3.5,8.1,2.3,0.5,3.4,High
489,5.3,0.3,7.0,1.8,9.6,2.64,Low
1812,6.9,1.9,5.4,3.7,6.1,3.05,High
1172,8.2,3.2,7.3,1.9,3.4,3.2,High
147,6.7,3.3,5.6,5.1,3.3,2.95,High
1705,8.2,3.4,8.0,3.8,0.6,3.26,High
1929,9.5,2.9,5.4,4.9,1.3,3.67,High
403,7.2,2.5,5.4,5.3,3.6,3.08,High
955,8.7,3.1,9.9,1.3,1.0,3.55,High
1878,8.0,2.0,8.2,5.6,0.2,3.4,Moderate
660,6.1,4.0,9.9,2.6,1.4,2.49,Moderate
1373,9.1,2.2,5.7,4.6,2.4,3.17,High
464,8.0,3.3,9.9,0.8,2.0,3.13,Moderate
1350,7.9,2.5,7.8,4.3,1.5,3.19,Moderate
187,5.2,1.0,8.0,0.3,9.5,3.29,Low
1148,8.1,1.0,9.0,4.8,1.1,3.22,High
1225,6.9,3.7,8.8,2.3,2.3,3.03,Moderate
609,9.1,2.7,5.6,1.7,4.9,3.15,High
144,5.7,3.2,8.1,3.2,3.8,3.08,Low
752,9.7,1.6,8.9,1.0,2.8,3.57,High
1535,5.6,0.7,9.8,4.2,3.7,2.75,Low
982,8.0,0.3,8.4,5.6,1.7,3.28,Moderate
198,6.2,0.5,5.4,4.2,7.7,2.84,High
1634,6.3,3.1,9.4,1.2,4.0,2.91,Moderate
884,6.5,3.4,9.3,3.7,1.1,3.02,Moderate
280,7.8,3.0,9.4,1.5,2.3,3.25,Moderate
294,8.5,0.4,7.8,1.5,5.8,3.01,High
1824,6.9,1.4,8.1,5.3,2.3,3.42,Moderate
401,5.8,2.8,9.0,1.9,4.5,2.8,Low
123,8.9,2.0,5.4,3.2,4.5,3.64,High
1208,7.3,0.2,5.2,4.3,7.0,3.21,High
203,8.8,1.6,7.4,3.8,2.4,3.23,High
1463,8.8,2.2,9.4,1.9,1.7,3.85,High
836,5.3,1.6,7.6,2.9,6.6,2.54,Low
247,5.8,0.4,8.2,4.2,5.4,2.88,Low
1440,9.1,2.8,9.7,1.0,1.4,3.53,High
1754,9.5,3.8,5.3,2.2,3.2,3.7,High
1902,7.4,3.3,9.8,2.2,1.3,3.06,Moderate
1708,6.4,0.3,7.1,3.3,6.9,2.77,Moderate
1881,9.7,3.2,8.5,0.0,2.6,3.19,High
1154,7.1,0.6,8.5,4.6,3.2,3.11,Moderate
1662,6.8,1.1,5.9,4.5,5.7,2.93,High
1427,9.4,1.8,6.7,0.8,5.3,3.37,High
385,9.8,2.2,9.7,0.1,2.2,3.16,High
1759,5.1,0.4,7.5,4.1,6.9,3.01,Low
855,9.5,4.0,6.0,1.6,2.9,3.39,High
1590,9.2,0.2,9.3,2.9,2.4,3.29,High
220,8.5,2.7,8.1,3.5,1.2,3.38,High
642,6.1,1.7,9.5,3.0,3.7,2.76,Moderate
2,5.3,3.5,8.0,4.2,3.0,2.75,Low
113,8.3,0.7,6.0,0.2,8.8,3.14,High
699,7.4,1.7,8.0,6.0,0.9,3.0,Moderate
1916,9.5,1.6,7.6,2.5,2.8,3.7,High
952,6.3,1.8,5.6,1.2,9.1,2.99,High
1649,5.8,3.5,7.2,2.5,5.0,2.87,Low
1637,8.7,2.2,7.6,1.9,3.6,3.73,High
1886,5.9,1.2,8.6,0.5,7.8,2.92,Low
1411,5.8,3.6,8.4,1.5,4.7,2.91,Low
1410,9.1,2.1,6.4,0.4,6.0,3.37,High
1534,8.5,0.1,9.4,0.8,5.2,3.25,High
1292,7.1,1.1,8.7,2.7,4.4,3.15,Moderate
1809,5.5,1.5,7.5,0.3,9.2,2.61,Low
442,9.5,2.9,8.0,1.1,2.5,3.11,High
1521,6.0,0.8,8.4,1.3,7.5,3.19,Moderate
1137,5.7,0.6,9.0,3.7,5.0,2.88,Low
1716,5.4,0.2,6.3,0.4,11.7,2.53,Low
1257,6.0,3.2,7.3,1.8,5.7,3.11,Moderate
1864,7.7,4.0,7.0,3.3,2.0,3.44,Moderate
1632,7.0,1.6,6.4,1.6,7.4,2.97,Moderate
1696,9.4,0.9,5.4,2.9,5.4,3.56,High
1398,5.9,2.3,6.1,5.2,4.5,2.72,Low
664,8.2,2.4,5.9,4.2,3.3,3.13,High
1836,5.2,1.5,5.8,4.2,7.3,2.83,High
1258,8.7,1.1,5.6,1.5,7.1,3.24,High
1774,8.5,1.5,7.8,0.6,5.6,3.02,High
1701,5.4,3.6,6.9,1.9,6.2,2.35,Low
318,6.9,3.5,9.3,3.5,0.8,3.02,Moderate
649,5.2,3.5,6.2,3.3,5.8,2.8,Low
1435,6.8,2.0,7.8,4.4,3.0,3.27,Moderate
1480,8.1,0.4,7.0,4.3,4.2,3.24,High
710,9.7,3.5,8.7,0.6,1.5,3.36,High
1383,5.8,3.2,9.3,5.2,0.5,2.96,Low
1283,9.1,1.7,8.0,0.5,4.7,3.23,High
973,9.2,1.0,6.0,3.0,4.8,3.18,High
628,7.3,0.7,9.3,5.3,1.4,2.97,Moderate
633,6.1,1.4,6.9,0.4,9.2,2.79,Moderate
1307,9.5,3.1,5.1,2.0,4.3,3.14,High
1401,7.6,1.1,7.3,2.8,5.2,3.2,Moderate
1409,5.5,3.9,6.4,2.5,5.7,2.8,Low
1249,7.5,0.3,7.8,3.0,5.4,3.09,Moderate
1953,6.3,3.9,5.8,4.7,3.3,2.73,High
1255,9.6,1.1,6.9,3.4,3.0,3.37,High
1497,5.6,0.1,6.5,4.2,7.6,2.71,Low
1372,7.8,1.9,7.5,1.1,5.7,3.18,Moderate
1530,9.1,0.9,7.6,4.8,1.6,3.08,High
1664,5.4,2.4,8.0,2.5,5.7,2.77,Low
1355,6.3,0.3,5.1,1.5,10.8,2.9,High
1926,6.3,2.0,6.6,1.0,8.1,3.09,Moderate
1901,5.3,3.9,9.8,0.3,4.7,2.53,Low
1644,6.4,3.2,9.0,2.5,2.9,2.87,Moderate
1849,7.1,2.2,6.2,4.5,4.0,3.34,Moderate
796,6.3,0.1,7.7,5.1,4.8,3.22,Moderate
646,6.1,2.4,6.3,4.0,5.2,2.73,Moderate
1013,7.3,2.4,7.1,0.2,7.0,3.17,Moderate
1840,6.4,0.6,6.2,1.3,9.5,3.04,Moderate
557,6.1,2.7,8.7,5.1,1.4,2.57,Moderate
682,6.5,3.3,5.3,2.5,6.4,2.81,High
578,8.4,1.3,5.3,2.2,6.8,2.92,High
1110,5.4,0.2,5.6,3.5,9.3,2.98,High
1267,8.8,3.2,7.5,4.0,0.5,3.2,High
1723,7.0,2.3,9.8,2.5,2.4,3.09,Moderate
1184,6.0,0.3,8.5,2.4,6.8,2.81,Moderate
525,7.9,0.6,9.1,3.8,2.6,3.5,Moderate
1060,8.1,0.3,5.6,0.3,9.7,3.25,High
541,7.4,2.6,5.6,1.7,6.7,3.26,High
1195,5.6,3.4,5.8,5.8,3.4,2.84,High
1679,7.9,1.4,5.4,6.0,3.3,3.11,High
749,9.2,1.9,7.6,1.6,3.7,3.02,High
1852,5.9,3.4,6.3,1.4,7.0,2.48,Low
1431,6.1,2.7,7.7,5.0,2.5,3.04,Moderate
485,8.3,3.1,9.2,2.1,1.3,3.24,High
1758,9.6,1.8,8.7,1.4,2.5,3.43,High
96,9.6,3.3,9.7,1.0,0.4,3.54,High
1021,5.5,0.6,9.8,3.2,4.9,3.2,Low
564,8.6,1.8,9.6,2.8,1.2,3.47,High
1265,7.1,0.6,8.3,3.1,4.9,2.79,Moderate
743,5.2,1.7,5.8,5.3,6.0,2.48,High
864,7.6,3.6,6.0,0.1,6.7,3.38,Moderate
1599,7.9,1.8,9.3,4.8,0.2,3.34,Moderate
1715,6.5,2.3,7.5,3.5,4.2,2.8,Moderate
1485,9.7,2.0,6.7,5.2,0.4,3.47,High
892,5.9,2.9,7.6,3.6,4.0,3.13,Low
1578,5.4,2.0,9.8,4.2,2.6,2.8,Low
1039,8.0,3.0,6.1,5.0,1.9,2.9,Moderate
207,8.9,0.4,7.1,5.3,2.3,3.33,High
393,5.3,2.1,9.0,2.8,4.8,2.67,Low
795,5.5,1.6,8.6,4.7,3.6,2.64,Low
871,9.7,0.1,5.8,5.3,3.1,3.92,High
398,9.1,1.5,8.9,4.3,0.2,3.21,High
767,7.9,3.2,8.8,0.6,3.5,3.09,Moderate
1842,7.8,1.0,6.3,0.2,8.7,3.27,Moderate
1242,9.3,2.7,5.3,4.7,2.0,3.41,High
1029,8.2,2.0,7.2,5.8,0.8,3.45,High
1793,6.0,2.0,5.8,4.0,6.2,2.81,High
643,5.9,0.3,8.5,2.3,7.0,2.99,Low
1892,8.0,2.5,7.7,0.5,5.3,3.12,Moderate
613,5.5,1.6,7.8,3.0,6.1,2.9,Low
1763,6.2,0.7,8.9,0.8,7.4,3.02,Moderate
961,7.8,3.4,8.3,2.0,2.5,3.18,Moderate
1571,9.6,3.9,5.1,3.4,2.0,3.65,High
726,5.6,3.9,6.1,0.4,8.0,3.32,Low
684,6.6,2.2,9.2,5.9,0.1,3.06,Moderate
99,9.8,3.4,9.2,0.7,0.9,3.15,High
805,7.2,2.5,9.2,1.0,4.1,3.07,Moderate
1752,9.7,1.8,8.0,2.1,2.4,3.82,High
1598,9.8,2.9,8.9,1.7,0.7,3.51,High
407,5.9,3.4,9.1,3.0,2.6,2.68,Low
503,8.6,2.7,9.8,2.2,0.7,3.31,High
1072,9.3,3.6,7.2,1.8,2.1,3.3,High
1057,7.2,1.2,7.7,0.8,7.1,3.28,Moderate
930,6.6,2.5,6.8,0.9,7.2,2.88,Moderate
780,8.0,2.4,8.4,3.0,2.2,2.96,Moderate
201,6.2,0.1,9.4,0.1,8.2,2.95,Moderate
135,6.3,2.7,8.8,3.6,2.6,2.45,Moderate
1052,6.2,2.0,6.6,1.1,8.1,2.94,Moderate
41,8.3,0.9,8.6,1.4,4.8,3.48,High
1018,5.4,0.6,7.2,3.1,7.7,2.68,Low
231,7.1,1.8,5.8,4.8,4.5,2.86,High
1514,6.8,2.6,9.5,0.8,4.3,2.58,Moderate
1797,7.2,3.3,9.1,0.8,3.6,2.87,Moderate
379,7.2,2.9,8.8,0.8,4.3,2.88,Moderate
289,6.0,0.0,8.2,5.4,4.4,2.92,Moderate
419,9.9,0.4,7.1,0.3,6.3,3.55,High
1699,8.0,0.7,5.6,5.9,3.8,2.93,High
392,7.3,1.6,8.3,3.3,3.5,3.28,Moderate
593,5.0,1.7,5.5,4.5,7.3,2.72,High
1523,8.3,0.9,6.4,1.9,6.5,3.18,High
1163,8.8,0.8,8.5,0.1,5.8,3.61,High
1087,7.5,3.6,5.7,3.9,3.3,3.01,High
1496,9.1,2.5,9.2,1.6,1.6,3.22,High
648,6.8,1.7,5.2,1.6,8.7,2.91,High
1153,8.2,0.9,8.6,5.2,1.1,3.03,High
1368,7.4,3.5,6.9,4.5,1.7,2.95,Moderate
521,5.3,0.9,6.2,2.9,8.7,2.76,Low
1863,8.8,1.4,5.9,2.5,5.4,3.29,High
65,5.9,1.7,7.0,3.7,5.7,2.8,Low
1837,5.5,2.7,6.4,1.2,8.2,2.75,Low
15,8.9,0.3,6.8,0.7,7.3,3.4,High
1181,5.6,3.9,5.1,4.8,4.6,2.7,High
1065,9.2,3.9,9.9,0.1,0.9,3.48,High
493,7.5,1.8,7.9,3.7,3.1,3.17,Moderate
380,8.8,2.6,9.8,0.2,2.6,3.38,High
188,6.7,3.1,5.5,0.5,8.2,2.99,High
764,6.1,0.9,9.1,5.6,2.3,3.01,Moderate
217,8.4,0.3,9.3,3.0,3.0,3.77,High
792,8.3,2.5,8.0,0.1,5.1,3.1,High
1077,5.9,0.8,5.9,0.3,11.1,3.11,High
879,7.5,1.2,7.1,3.9,4.3,2.96,Moderate
338,6.3,3.4,5.2,5.4,3.7,3.31,High
1773,6.3,2.9,5.8,2.1,6.9,2.78,High
720,7.1,3.3,5.6,4.4,3.6,2.85,High
1749,7.1,1.6,5.6,4.1,5.6,3.28,High
296,9.8,2.4,9.1,2.4,0.3,3.38,High
1726,7.5,1.9,6.3,3.0,5.3,3.4,Moderate
1017,6.4,1.1,7.0,6.0,3.5,2.98,Moderate
1276,7.7,0.3,9.0,1.3,5.7,2.9,Moderate
1751,9.5,0.1,9.7,3.8,0.9,3.57,High
1486,7.7,0.9,7.1,3.9,4.4,3.08,Moderate
456,6.9,0.7,7.2,0.9,8.3,3.26,Moderate
1997,6.3,2.8,8.8,1.5,4.6,2.65,Moderate
816,5.6,3.5,7.1,2.3,5.5,2.5,Low
1887,9.1,2.9,8.6,0.3,3.1,3.56,High
270,5.2,0.5,7.3,5.6,5.4,2.79,Low
996,9.7,0.9,6.6,4.5,2.3,3.5,High
202,9.7,3.2,10.0,0.4,0.7,3.67,High
162,5.4,4.0,7.5,3.6,3.5,2.59,Low
1580,5.1,3.3,8.9,1.6,5.1,3.02,Low
730,5.3,0.2,8.5,2.7,7.3,2.62,Low
402,5.9,3.6,8.3,0.9,5.3,2.8,Low
703,9.2,0.6,5.1,2.7,6.4,3.27,High
1501,9.7,3.6,7.7,1.6,1.4,3.22,High
1846,7.5,0.1,6.6,4.9,4.9,3.14,Moderate
1796,9.7,3.1,6.4,4.1,0.7,3.76,High
1130,9.9,2.7,6.4,2.9,2.1,3.49,High
566,6.7,3.9,9.3,2.9,1.2,2.78,Moderate
1414,6.3,3.3,7.4,3.3,3.7,2.52,Moderate
1022,8.7,4.0,6.4,2.6,2.3,3.21,High
1026,6.9,1.4,7.2,4.7,3.8,3.14,Moderate
1412,7.9,1.6,6.8,1.3,6.4,3.1,Moderate
1896,6.7,1.1,7.6,2.6,6.0,2.83,Moderate
1586,8.7,2.5,9.0,1.6,2.2,3.53,High
1105,8.3,1.6,8.0,0.6,5.5,3.4,High
206,6.9,2.7,6.1,5.7,2.6,3.08,Moderate
35,9.7,0.6,6.7,0.7,6.3,3.62,High
776,9.7,2.8,9.1,1.3,1.1,3.54,High
509,8.0,1.2,5.7,3.9,5.2,3.03,High
1452,9.5,1.6,6.2,2.7,4.0,3.32,High
1479,6.2,3.0,6.3,5.3,3.2,2.91,Moderate
1971,5.6,2.3,5.7,4.2,6.2,2.81,High
1391,5.5,2.0,5.8,5.9,4.8,2.82,High
92,5.2,1.1,9.8,5.3,2.6,2.82,Low
1364,8.8,0.4,9.8,4.5,0.5,3.12,High
898,6.8,1.4,6.7,3.1,6.0,3.03,Moderate
565,8.6,3.4,6.4,4.5,1.1,3.18,High
1370,6.2,1.6,8.9,4.6,2.7,2.63,Moderate
777,8.9,0.1,9.1,0.2,5.7,3.14,High
242,8.0,1.2,8.5,5.2,1.1,2.72,Moderate
14,5.0,3.3,8.5,4.4,2.8,2.87,Low
316,7.0,1.8,8.0,3.1,4.1,3.15,Moderate
601,7.6,0.3,6.9,5.5,3.7,3.35,Moderate
388,5.6,0.6,6.1,1.5,10.2,3.07,Low
1298,7.2,3.2,8.7,2.1,2.8,2.78,Moderate
167,6.9,1.1,8.2,2.5,5.3,3.22,Moderate
841,5.8,0.5,5.6,3.1,9.0,2.73,High
21,7.1,3.0,6.1,0.5,7.3,2.9,Moderate
647,9.1,3.1,8.8,0.6,2.4,3.42,High
1843,6.5,3.0,5.2,1.3,8.0,3.17,High
1509,7.7,0.2,5.0,1.5,9.6,3.0,High
1155,5.5,2.0,9.1,5.6,1.8,2.95,Low
1529,7.5,3.4,9.0,1.7,2.4,3.03,Moderate
832,7.1,3.8,7.7,3.3,2.1,3.33,Moderate
1268,9.5,3.6,8.4,2.1,0.4,3.11,High
1591,6.0,1.3,6.4,3.2,7.1,2.84,Moderate
1900,8.6,0.4,8.7,0.8,5.5,3.22,High
563,7.6,2.0,6.8,5.6,2.0,3.25,Moderate
1952,7.7,0.9,7.4,1.9,6.1,3.31,Moderate
687,7.0,1.3,7.3,4.6,3.8,3.0,Moderate
958,9.3,0.4,8.9,4.6,0.8,3.58,High
190,9.0,2.8,6.4,3.4,2.4,3.24,High
1807,6.4,0.4,5.6,1.7,9.9,3.21,High
976,7.2,2.3,7.9,2.0,4.6,3.06,Moderate
700,9.1,0.7,5.2,1.2,7.8,3.64,High
1500,6.8,0.0,9.2,0.2,7.8,2.8,Moderate
1706,7.3,0.0,7.8,4.0,4.9,2.75,Moderate
511,9.5,1.1,6.8,0.3,6.3,3.43,High
1083,8.1,3.1,8.5,3.6,0.7,3.12,High
475,7.3,3.9,7.4,4.7,0.7,2.74,Moderate
1585,6.0,1.8,5.3,5.0,5.9,2.88,High
857,5.8,1.9,7.8,3.4,5.1,3.01,Low
748,7.2,1.5,9.6,1.4,4.3,3.11,Moderate
253,8.3,2.0,7.8,4.2,1.7,3.25,High
22,9.6,3.2,8.2,2.6,0.4,3.34,High
1338,7.5,3.5,6.2,0.5,6.3,3.0,Moderate
460,8.4,0.6,7.4,0.2,7.4,3.32,High
1185,9.6,2.6,5.5,5.7,0.6,3.28,High
277,5.2,3.7,8.4,4.1,2.6,2.91,Low
956,5.3,3.6,5.6,2.0,7.5,2.53,High
1216,8.3,1.4,9.7,4.2,0.4,3.25,High
386,8.7,3.9,6.3,3.3,1.8,3.2,High
806,7.9,2.2,5.4,0.3,8.2,2.99,High
1438,8.9,1.4,7.0,2.4,4.3,3.5,High
1516,9.8,0.3,8.0,0.3,5.6,3.53,High
344,5.9,0.4,8.3,4.6,4.8,2.99,Low
770,9.4,3.6,6.5,1.0,3.5,3.57,High
1333,7.1,1.9,5.8,0.2,9.0,3.02,High
1686,7.5,3.3,9.3,2.4,1.5,3.36,Moderate
131,8.8,0.7,6.6,2.6,5.3,2.99,High
1688,9.6,0.5,8.4,0.0,5.5,3.7,High
872,8.3,2.7,9.7,3.3,0.0,2.95,High
1124,7.8,3.7,9.0,1.6,1.9,2.6,Moderate
1397,7.4,2.8,5.3,1.2,7.3,3.25,High
88,9.8,1.5,6.4,5.2,1.1,3.78,High
1483,6.7,0.1,6.7,4.8,5.7,3.01,Moderate
331,6.8,1.7,9.1,4.4,2.0,2.9,Moderate
1239,7.1,0.9,9.8,0.8,5.4,3.01,Moderate
467,7.2,1.2,6.3,1.2,8.1,3.05,Moderate
122,5.6,3.6,8.0,4.1,2.7,2.62,Low
1639,7.3,1.6,8.4,1.5,5.2,3.27,Moderate
1045,8.9,3.4,9.2,0.9,1.6,3.11,High
1725,9.3,0.9,6.1,1.2,6.5,3.29,High
1096,8.4,2.7,8.1,1.3,3.5,3.68,High
1131,5.5,3.9,5.9,3.9,4.8,2.99,High
1295,9.3,2.2,9.1,1.0,2.4,3.07,High
861,8.0,2.1,6.4,0.0,7.5,2.83,Moderate
1460,8.6,2.7,7.4,3.4,1.9,3.45,High
1127,8.2,2.2,5.6,2.3,5.7,3.28,High
